I1,I2,La,Lb,Mab,FLUX_in_RCORE,FLUX_in_LCORE,FLUX_in_UCORE,Leak_R,Leak_L
-260,-260,0.000074568,0.000074548,-2.07E-05,1.306488858,1.306398958,-0.003553345,-0.075649796,-0.076228199
-260,-240,8.32E-05,0.000073304,-2.25E-05,1.819937654,0.562769393,-0.943011639,-0.070003728,-0.070275768
-260,-220,9.16E-05,7.18E-05,-2.41E-05,1.927664658,0.201770348,-1.376305138,-0.064642653,-0.065282644
-260,-200,1.04E-04,7.04E-05,-2.65E-05,1.97893015,-0.029713572,-1.515360684,-0.059431938,-0.059360198
-260,-180,1.25E-04,6.89E-05,-3.04E-05,2.029807876,-0.227412644,-1.653676583,-0.054910495,-0.053624107
-260,-160,1.44E-04,6.66E-05,-3.30E-05,2.066826745,-0.47296426,-1.702008995,-0.049277633,-0.048110307
-260,-140,1.54E-04,6.34E-05,-3.32E-05,2.077832626,-0.647480202,-1.830287257,-0.046353976,-0.041929173
-260,-120,1.57E-04,5.96E-05,-3.11E-05,2.107087949,-0.864201106,-1.861020624,-0.040903581,-0.036636704
-260,-100,1.56E-04,5.67E-05,-2.88E-05,2.121168025,-0.991925072,-1.916943488,-0.037358601,-0.030872881
-260,-80,1.49E-04,5.41E-05,-2.56E-05,2.12654099,-1.148828919,-1.967377929,-0.034926703,-0.025912323
-260,-60,1.39E-04,5.19E-05,-2.23E-05,2.133334735,-1.297198407,-2.008597332,-0.03230889,-0.020553389
-260,-40,1.30E-04,5.03E-05,-1.99E-05,2.14112314,-1.407839456,-2.039420146,-0.029832101,-0.015477338
-260,-20,1.19E-04,4.89E-05,-1.74E-05,2.147016623,-1.56782173,-2.060029068,-0.027564344,-0.011038094
-260,0,1.05E-04,4.77E-05,-1.48E-05,2.151855569,-1.666562512,-2.082239788,-0.02574482,-0.006751047
-260,20,9.19E-05,4.67E-05,-1.26E-05,2.156863162,-1.766754746,-2.096371018,-0.024039542,-0.002896693
-260,40,7.96E-05,4.58E-05,-1.07E-05,2.159214899,-1.838506617,-2.107051533,-0.022923253,-0.000171032
-260,60,7.29E-05,4.52E-05,-9.54E-06,2.162842903,-1.903456563,-2.117796791,-0.021511035,0.002765766
-260,80,6.84E-05,4.46E-05,-8.77E-06,2.165536734,-1.950234088,-2.124940311,-0.020681758,0.004868936
-260,100,6.26E-05,4.41E-05,-7.91E-06,2.16674254,-1.992960582,-2.131093697,-0.019861913,0.006675434
-260,120,5.87E-05,4.36E-05,-7.30E-06,2.167373252,-2.032468738,-2.136967174,-0.019137302,0.008531605
-260,140,5.53E-05,4.32E-05,-6.80E-06,2.16804468,-2.059719501,-2.141972265,-0.018473393,0.009564632
-260,160,5.17E-05,4.28E-05,-6.27E-06,2.170609873,-2.086008689,-2.145281518,-0.017579021,0.010752221
-260,180,4.86E-05,4.24E-05,-5.82E-06,2.171973917,-2.107155978,-2.150822418,-0.017183858,0.011996242
-260,200,4.67E-05,4.21E-05,-5.53E-06,2.172167894,-2.12717516,-2.159934888,-0.016548431,0.012806307
-260,220,4.50E-05,4.18E-05,-5.27E-06,2.173708606,-2.145649154,-2.163516615,-0.015826858,0.013517848
-260,240,4.32E-05,4.14E-05,-5.00E-06,2.175354518,-2.162015607,-2.166197401,-0.015490118,0.014806024
-260,260,4.11E-05,4.11E-05,-4.72E-06,2.176165912,-2.175170357,-2.168608113,-0.015074667,0.015442787
-240,-260,0.000073244,8.31E-05,-2.24E-05,0.562502329,1.820877018,0.934872277,-0.070209108,-0.070196818
-240,-240,0.000081284,0.000081256,-2.42E-05,1.206451628,1.207138254,0.00243624,-0.069880967,-0.070308713
-240,-220,9.00E-05,0.000078848,-2.59E-05,1.834557796,0.355018294,-1.020724026,-0.064014066,-0.064546141
-240,-200,1.02E-04,7.69E-05,-2.82E-05,1.946153594,0.032591254,-1.252945981,-0.058110719,-0.058826463
-240,-180,1.21E-04,7.52E-05,-3.22E-05,1.979522817,-0.062337941,-1.597447278,-0.054007971,-0.053494319
-240,-160,1.42E-04,7.30E-05,-3.56E-05,2.027826102,-0.411909532,-1.691822511,-0.049435665,-0.047490665
-240,-140,1.56E-04,7.00E-05,-3.68E-05,2.045716655,-0.569416952,-1.809008473,-0.045705268,-0.042227522
-240,-120,1.59E-04,6.61E-05,-3.51E-05,2.082176455,-0.791183749,-1.840170608,-0.040337531,-0.036506521
-240,-100,1.59E-04,6.21E-05,-3.23E-05,2.095602752,-1.001110625,-1.905333721,-0.037043049,-0.030911798
-240,-80,1.53E-04,5.80E-05,-2.84E-05,2.101014138,-1.151946901,-1.952280334,-0.034791764,-0.026139044
-240,-60,1.42E-04,5.50E-05,-2.45E-05,2.115320683,-1.250206698,-2.000293529,-0.031581772,-0.020500485
-240,-40,1.33E-04,5.29E-05,-2.15E-05,2.120957967,-1.39882566,-2.032340357,-0.029227656,-0.015325878
-240,-20,1.22E-04,5.13E-05,-1.87E-05,2.129594261,-1.560419612,-2.054923787,-0.026746444,-0.01077967
-240,0,1.08E-04,4.99E-05,-1.59E-05,2.135754059,-1.649694388,-2.075818906,-0.024973788,-0.006463615
-240,20,9.47E-05,4.88E-05,-1.36E-05,2.140186589,-1.756514023,-2.091493844,-0.02338311,-0.002863945
-240,40,8.10E-05,4.78E-05,-1.14E-05,2.142914313,-1.834030947,-2.10172599,-0.022148749,0.000139878
-240,60,7.39E-05,4.71E-05,-1.01E-05,2.146749603,-1.89377593,-2.112665908,-0.02090778,0.003082545
-240,80,6.92E-05,4.65E-05,-9.30E-06,2.148353515,-1.947521412,-2.121016465,-0.019892706,0.005097372
-240,100,6.34E-05,4.60E-05,-8.39E-06,2.15169267,-1.990012268,-2.126103441,-0.018963007,0.006806762
-240,120,5.92E-05,4.55E-05,-7.72E-06,2.152356585,-2.030489387,-2.133572588,-0.01818353,0.008608612
-240,140,5.59E-05,4.51E-05,-7.19E-06,2.153325593,-2.058037638,-2.138128488,-0.017620676,0.009959529
-240,160,5.22E-05,4.47E-05,-6.65E-06,2.15489266,-2.083999746,-2.143357963,-0.016995396,0.011164572
-240,180,4.90E-05,4.44E-05,-6.16E-06,2.156784551,-2.105750222,-2.146568374,-0.016414814,0.012392388
-240,200,4.70E-05,4.41E-05,-5.84E-06,2.157332781,-2.125163777,-2.150589099,-0.016023703,0.013579951
-240,220,4.52E-05,4.37E-05,-5.57E-06,2.159622347,-2.143168946,-2.156936828,-0.015664011,0.014492839
-240,240,4.35E-05,4.35E-05,-5.29E-06,2.162361181,-2.161106657,-2.16362571,-0.014773771,0.01512735
-240,260,4.14E-05,4.32E-05,-5.00E-06,2.163051501,-2.174248214,-2.165993461,-0.014418414,0.01589872
-220,-260,7.18E-05,9.15E-05,-2.40E-05,0.229490986,1.930162954,1.190755573,-0.064496008,-0.064382934
-220,-240,0.000078804,8.99E-05,-2.58E-05,0.355942577,1.836447151,0.977326347,-0.064385301,-0.064211792
-220,-220,0.000088376,0.000088356,-2.82E-05,1.105749544,1.106410201,-0.005237435,-0.064385478,-0.064060045
-220,-200,9.88E-05,0.000086396,-3.06E-05,1.826032975,0.163507365,-1.114942082,-0.058591428,-0.059177578
-220,-180,1.17E-04,8.41E-05,-3.45E-05,1.936309284,-0.142271844,-1.400552161,-0.052747899,-0.05303139
-220,-160,1.38E-04,8.06E-05,-3.83E-05,1.982407454,-0.371095367,-1.614472766,-0.048231122,-0.047599371
-220,-140,1.56E-04,7.71E-05,-4.05E-05,1.994818659,-0.574261087,-1.785377381,-0.045813543,-0.04212737
-220,-120,1.62E-04,7.28E-05,-3.93E-05,2.053266299,-0.777197427,-1.812372205,-0.039431132,-0.036549827
-220,-100,1.63E-04,6.86E-05,-3.65E-05,2.071048195,-0.971670801,-1.877351202,-0.036255968,-0.03103011
-220,-80,1.57E-04,6.42E-05,-3.24E-05,2.080131126,-1.162462136,-1.941691632,-0.033764851,-0.02563233
-220,-60,1.47E-04,6.02E-05,-2.78E-05,2.096046516,-1.264745282,-1.985483054,-0.030309245,-0.020194165
-220,-40,1.36E-04,5.68E-05,-2.38E-05,2.101743186,-1.41876122,-2.022022996,-0.028187156,-0.015181817
-220,-20,1.25E-04,5.42E-05,-2.05E-05,2.108105046,-1.549504064,-2.047664995,-0.025905906,-0.010557278
-220,0,1.11E-04,5.24E-05,-1.73E-05,2.116631108,-1.650304888,-2.069061853,-0.024169963,-0.006383106
-220,20,9.72E-05,5.11E-05,-1.47E-05,2.121927647,-1.754474269,-2.085784225,-0.022527006,-0.00267854
-220,40,8.28E-05,5.00E-05,-1.22E-05,2.125884861,-1.828810978,-2.095923356,-0.021170396,0.000502816
-220,60,7.51E-05,4.91E-05,-1.08E-05,2.129941277,-1.891219887,-2.107055181,-0.020050808,0.003364886
-220,80,7.01E-05,4.85E-05,-9.87E-06,2.130905322,-1.944420446,-2.117017951,-0.01908207,0.005469708
-220,100,6.44E-05,4.79E-05,-8.92E-06,2.133993683,-1.987338526,-2.123881652,-0.01823772,0.007103449
-220,120,5.99E-05,4.74E-05,-8.16E-06,2.136548009,-2.027905485,-2.129979434,-0.017332974,0.009009249
-220,140,5.64E-05,4.69E-05,-7.58E-06,2.13736922,-2.056706365,-2.135103354,-0.016734334,0.010310373
-220,160,5.28E-05,4.65E-05,-7.01E-06,2.139317439,-2.081936639,-2.138605045,-0.016197871,0.011889862
-220,180,4.93E-05,4.62E-05,-6.48E-06,2.140192009,-2.104469565,-2.144074725,-0.015580538,0.012905948
-220,200,4.73E-05,4.58E-05,-6.14E-06,2.141675506,-2.12477126,-2.150327843,-0.015177988,0.013940168
-220,220,4.55E-05,4.55E-05,-5.85E-06,2.142426423,-2.142248819,-2.153364598,-0.014775462,0.014933888
-220,240,4.37E-05,4.52E-05,-5.56E-06,2.143671333,-2.158727089,-2.156977061,-0.014326776,0.015797682
-220,260,4.17E-05,4.50E-05,-5.26E-06,2.145210602,-2.172347388,-2.158249193,-0.013848379,0.016571055
-200,-260,7.03E-05,1.04E-04,-2.65E-05,-0.00982759,1.970448696,1.537336421,-0.059214837,-0.059914101
-200,-240,7.69E-05,1.02E-04,-2.82E-05,0.029171437,1.937926997,1.230458662,-0.058563829,-0.058387316
-200,-220,0.00008648,9.89E-05,-3.07E-05,0.168767885,1.829496376,1.088015837,-0.05859807,-0.058518907
-200,-200,0.000095784,0.000095772,-3.27E-05,1.00654439,1.007236399,-0.002370017,-0.05854335,-0.058283315
-200,-180,1.12E-04,0.000093544,-3.67E-05,1.813410379,-0.021725907,-1.174980723,-0.053013225,-0.053363999
-200,-160,1.35E-04,9.13E-05,-4.20E-05,1.926950067,-0.316891659,-1.483764571,-0.047314374,-0.047342316
-200,-140,1.56E-04,8.75E-05,-4.55E-05,1.957208058,-0.560949268,-1.673834832,-0.043634344,-0.042117489
-200,-120,1.65E-04,8.12E-05,-4.43E-05,1.956830563,-0.616462763,-1.849669875,-0.042247241,-0.036821261
-200,-100,1.67E-04,7.57E-05,-4.13E-05,2.037802201,-0.963382135,-1.864600386,-0.03583907,-0.030898348
-200,-80,1.63E-04,7.06E-05,-3.69E-05,2.052565562,-1.094633571,-1.923999997,-0.032907123,-0.025413991
-200,-60,1.52E-04,6.60E-05,-3.17E-05,2.065564045,-1.262479447,-1.971581706,-0.03013912,-0.02003042
-200,-40,1.40E-04,6.23E-05,-2.70E-05,2.078348135,-1.406015606,-2.009827154,-0.027302607,-0.014933122
-200,-20,1.29E-04,5.92E-05,-2.30E-05,2.086421776,-1.53728895,-2.040006943,-0.025140757,-0.010281225
-200,0,1.14E-04,5.66E-05,-1.93E-05,2.094739652,-1.648776785,-2.061707192,-0.023341128,-0.006113626
-200,20,9.97E-05,5.45E-05,-1.61E-05,2.100444846,-1.749162099,-2.079483656,-0.021608422,-0.002302378
-200,40,8.50E-05,5.27E-05,-1.33E-05,2.104566318,-1.823641542,-2.093446603,-0.020215915,0.00082194
-200,60,7.65E-05,5.16E-05,-1.16E-05,2.11003154,-1.888452126,-2.101590505,-0.019130522,0.003687802
-200,80,7.09E-05,5.07E-05,-1.05E-05,2.112566208,-1.941118852,-2.110936755,-0.018100976,0.005867798
-200,100,6.55E-05,5.00E-05,-9.53E-06,2.115020808,-1.983988201,-2.116742066,-0.017191529,0.007515127
-200,120,6.06E-05,4.94E-05,-8.64E-06,2.11743487,-2.02535331,-2.125632544,-0.016382176,0.00941124
-200,140,5.70E-05,4.89E-05,-8.02E-06,2.119367143,-2.054229999,-2.130009081,-0.015768175,0.011116431
-200,160,5.34E-05,4.84E-05,-7.41E-06,2.120343045,-2.080390284,-2.135990593,-0.015281501,0.012394722
-200,180,4.98E-05,4.80E-05,-6.83E-06,2.122538896,-2.102930422,-2.140952094,-0.014756869,0.013420958
-200,200,4.76E-05,4.76E-05,-6.45E-06,2.123239367,-2.123154677,-2.146657323,-0.014219941,0.014403528
-200,220,4.58E-05,4.73E-05,-6.14E-06,2.123838097,-2.141008982,-2.146973924,-0.01377761,0.015272089
-200,240,4.41E-05,4.70E-05,-5.84E-06,2.125467127,-2.157778294,-2.153130362,-0.013281001,0.016103843
-200,260,4.21E-05,4.67E-05,-5.53E-06,2.126427119,-2.171936443,-2.154178939,-0.013012426,0.016962302
-180,-260,6.89E-05,1.25E-04,-3.03E-05,-0.282814539,2.037842346,1.613405534,-0.053225663,-0.054094251
-180,-240,7.52E-05,1.21E-04,-3.22E-05,-0.051688455,1.978156543,1.603064197,-0.053065956,-0.054366531
-180,-220,8.41E-05,1.17E-04,-3.45E-05,-0.13964627,1.941984007,1.366890224,-0.052815002,-0.052684062
-180,-200,0.00009354,1.11E-04,-3.66E-05,-0.018803965,1.817458842,1.203631111,-0.052829514,-0.053185098
-180,-180,0.000106816,0.00010682,-0.000039734,0.906661199,0.907362422,-0.001787097,-0.052700474,-0.052466106
-180,-160,1.31E-04,0.000103256,-4.59E-05,1.801169195,-0.19699058,-1.33689727,-0.047282092,-0.047406448
-180,-140,1.54E-04,9.83E-05,-5.02E-05,1.910137811,-0.486478971,-1.577147317,-0.042267777,-0.041535156
-180,-120,1.68E-04,9.31E-05,-5.10E-05,1.945352314,-0.708091012,-1.748101453,-0.039080035,-0.036336783
-180,-100,1.71E-04,8.64E-05,-4.79E-05,1.990889174,-0.90714785,-1.830078128,-0.034536784,-0.0307174
-180,-80,1.68E-04,7.86E-05,-4.26E-05,2.017883766,-1.078446834,-1.900235147,-0.032037492,-0.025062549
-180,-60,1.57E-04,7.25E-05,-3.63E-05,2.030922889,-1.141328114,-1.955776484,-0.029591364,-0.019932901
-180,-40,1.45E-04,6.79E-05,-3.07E-05,2.047462359,-1.400017405,-1.996233582,-0.02651974,-0.01490248
-180,-20,1.33E-04,6.42E-05,-2.60E-05,2.061590951,-1.534021753,-2.029151725,-0.024056331,-0.010069565
-180,0,1.18E-04,6.13E-05,-2.17E-05,2.068697627,-1.634735961,-2.052699739,-0.022276352,-0.005661664
-180,20,1.02E-04,5.90E-05,-1.80E-05,2.075716201,-1.741344596,-2.072293329,-0.020621401,-0.001829852
-180,40,8.77E-05,5.72E-05,-1.49E-05,2.082687785,-1.818074861,-2.086804383,-0.019175705,0.001274064
-180,60,7.80E-05,5.58E-05,-1.28E-05,2.085950449,-1.881991599,-2.096870138,-0.018148841,0.00401151
-180,80,7.20E-05,5.46E-05,-1.15E-05,2.090517215,-1.9374462,-2.106732308,-0.017132422,0.006042628
-180,100,6.68E-05,5.35E-05,-1.04E-05,2.093704181,-1.980550419,-2.114315369,-0.016200893,0.007920335
-180,120,6.13E-05,5.25E-05,-9.34E-06,2.09618179,-2.022304728,-2.120947148,-0.0154176,0.009877094
-180,140,5.77E-05,5.16E-05,-8.60E-06,2.098909081,-2.052313878,-2.127141997,-0.014857359,0.011605258
-180,160,5.41E-05,5.09E-05,-7.91E-06,2.100836113,-2.078210393,-2.131846837,-0.014294883,0.012807501
-180,180,5.02E-05,5.03E-05,-7.25E-06,2.10234107,-2.101022513,-2.136356748,-0.013832207,0.013876558
-180,200,4.80E-05,4.98E-05,-6.82E-06,2.103898629,-2.12164078,-2.139584054,-0.013097519,0.014820874
-180,220,4.62E-05,4.93E-05,-6.48E-06,2.10545069,-2.140296682,-2.145374035,-0.01264708,0.015812668
-180,240,4.44E-05,4.89E-05,-6.16E-06,2.105396139,-2.156897289,-2.148667583,-0.012321261,0.016410653
-180,260,4.24E-05,4.86E-05,-5.83E-06,2.106895649,-2.171600315,-2.152709677,-0.011969843,0.017178177
-160,-260,6.66E-05,1.44E-04,-3.30E-05,-0.472378334,2.076475111,1.683136987,-0.047336812,-0.047863084
-160,-240,7.30E-05,1.42E-04,-3.56E-05,-0.456544009,2.03506389,1.617991214,-0.047614933,-0.048764483
-160,-220,8.06E-05,1.38E-04,-3.84E-05,-0.370152906,1.982937695,1.620056948,-0.047191524,-0.048232106
-160,-200,9.14E-05,1.35E-04,-4.21E-05,-0.316033227,1.925954647,1.490604896,-0.047126487,-0.047590573
-160,-180,0.000103228,1.31E-04,-4.58E-05,-0.200444189,1.780620202,1.363531753,-0.04718316,-0.047940967
-160,-160,0.000124152,0.000124136,-0.000051404,0.804711643,0.805111637,-0.000556848,-0.046840968,-0.046632414
-160,-140,1.50E-04,0.000115624,-5.67E-05,1.78546742,-0.374091726,-1.399880497,-0.041739163,-0.041765372
-160,-120,1.69E-04,1.07E-04,-5.84E-05,1.863168073,-0.655818478,-1.683012335,-0.03790078,-0.035879851
-160,-100,1.75E-04,9.78E-05,-5.50E-05,1.936098693,-0.880504923,-1.783932472,-0.033711999,-0.030529555
-160,-80,1.76E-04,9.05E-05,-5.06E-05,1.962617171,-1.033786205,-1.873687128,-0.03102615,-0.025037005
-160,-60,1.65E-04,8.27E-05,-4.33E-05,1.983508316,-1.181405267,-1.931590501,-0.028331152,-0.019688604
-160,-40,1.51E-04,7.52E-05,-3.55E-05,2.012628846,-1.37782828,-1.978392239,-0.025339173,-0.014631423
-160,-20,1.38E-04,6.99E-05,-2.97E-05,2.02871402,-1.523527973,-2.017572529,-0.023318901,-0.009783438
-160,0,1.23E-04,6.62E-05,-2.45E-05,2.039433673,-1.619653805,-2.042041459,-0.021343208,-0.005349023
-160,20,1.06E-04,6.34E-05,-2.00E-05,2.049553865,-1.727203414,-2.064870336,-0.019446675,-0.001408509
-160,40,9.07E-05,6.13E-05,-1.66E-05,2.056740016,-1.81123745,-2.080838336,-0.018080319,0.001670205
-160,60,7.97E-05,5.98E-05,-1.41E-05,2.05974431,-1.875821624,-2.090411611,-0.017072753,0.004451916
-160,80,7.32E-05,5.85E-05,-1.26E-05,2.065791953,-1.933336587,-2.100265916,-0.015900596,0.006477908
-160,100,6.80E-05,5.75E-05,-1.14E-05,2.069118007,-1.976778733,-2.10850107,-0.01506377,0.00880471
-160,120,6.22E-05,5.65E-05,-1.02E-05,2.072217082,-2.01833767,-2.115177568,-0.01434253,0.010685795
-160,140,5.84E-05,5.56E-05,-9.41E-06,2.0754334,-2.050034113,-2.123648186,-0.013581034,0.011905063
-160,160,5.48E-05,5.48E-05,-8.67E-06,2.077506153,-2.076443931,-2.127229973,-0.01313573,0.013282401
-160,180,5.08E-05,5.41E-05,-7.91E-06,2.079651978,-2.099616185,-2.130572281,-0.012614323,0.01443324
-160,200,4.84E-05,5.34E-05,-7.41E-06,2.082196956,-2.120076574,-2.135168747,-0.012125495,0.015332069
-160,220,4.65E-05,5.28E-05,-7.01E-06,2.083881533,-2.139457175,-2.141305368,-0.011613268,0.016190669
-160,240,4.47E-05,5.22E-05,-6.64E-06,2.085086471,-2.156094038,-2.145779767,-0.01111317,0.016797641
-160,260,4.28E-05,5.17E-05,-6.27E-06,2.085571052,-2.169476288,-2.148450676,-0.010736074,0.018130796
-140,-260,6.34E-05,1.54E-04,-3.31E-05,-0.647055882,2.078552923,1.831330686,-0.042323431,-0.046495558
-140,-240,7.00E-05,1.56E-04,-3.67E-05,-0.622699506,2.042626455,1.80939822,-0.041987183,-0.04627596
-140,-220,7.71E-05,1.56E-04,-4.05E-05,-0.571412688,1.996486356,1.783623233,-0.042054198,-0.045650794
-140,-200,8.76E-05,1.56E-04,-4.55E-05,-0.55291689,1.980458894,1.652851171,-0.041551594,-0.042708946
-140,-180,9.83E-05,1.54E-04,-5.01E-05,-0.37082033,1.850172079,1.687616299,-0.041670009,-0.044407341
-140,-160,0.000115544,1.50E-04,-5.66E-05,-0.385111757,1.768452585,1.414139667,-0.041206168,-0.042333331
-140,-140,0.000144788,0.000144756,-0.000066364,0.70410717,0.705169679,-0.000166824,-0.040974991,-0.040801062
-140,-120,1.72E-04,0.00013412,-7.15E-05,1.75161866,-0.519269769,-1.528755152,-0.036414622,-0.035675323
-140,-100,1.81E-04,1.17E-04,-6.61E-05,1.855415473,-0.811558272,-1.709677235,-0.032574888,-0.030339045
-140,-80,1.82E-04,1.04E-04,-5.97E-05,1.905509356,-1.004903493,-1.833705868,-0.029899733,-0.024885955
-140,-60,1.74E-04,9.36E-05,-5.13E-05,1.944935144,-1.192853123,-1.904792927,-0.0262956,-0.019378599
-140,-40,1.58E-04,8.55E-05,-4.24E-05,1.966716845,-1.352489974,-1.955881467,-0.023900079,-0.014228005
-140,-20,1.45E-04,7.91E-05,-3.53E-05,1.989520583,-1.484139345,-1.999982633,-0.021607778,-0.009261262
-140,0,1.28E-04,7.34E-05,-2.86E-05,2.002029504,-1.615615635,-2.031144828,-0.019885212,-0.005029848
-140,20,1.10E-04,6.88E-05,-2.28E-05,2.014911958,-1.715959911,-2.054601989,-0.018230409,-0.001005403
-140,40,9.44E-05,6.60E-05,-1.86E-05,2.025460374,-1.803582133,-2.072587664,-0.016992886,0.002125713
-140,60,8.16E-05,6.40E-05,-1.56E-05,2.031584941,-1.870745758,-2.080899174,-0.015900143,0.004615724
-140,80,7.45E-05,6.25E-05,-1.38E-05,2.036966212,-1.928850741,-2.094207781,-0.014719048,0.007097465
-140,100,6.94E-05,6.13E-05,-1.25E-05,2.041980619,-1.972822836,-2.10232702,-0.013913767,0.009334202
-140,120,6.32E-05,6.02E-05,-1.11E-05,2.046354158,-2.014826708,-2.111880047,-0.013066902,0.011042011
-140,140,5.92E-05,5.92E-05,-1.02E-05,2.048693827,-2.047599637,-2.116315882,-0.012522814,0.012774113
-140,160,5.56E-05,5.84E-05,-9.41E-06,2.051392252,-2.074331632,-2.121206994,-0.011926765,0.013838135
-140,180,5.16E-05,5.77E-05,-8.60E-06,2.054238763,-2.098333422,-2.126085393,-0.011400287,0.014827815
-140,200,4.88E-05,5.70E-05,-8.01E-06,2.055633346,-2.118171278,-2.130694889,-0.010834098,0.015957027
-140,220,4.69E-05,5.64E-05,-7.58E-06,2.058493881,-2.138194696,-2.137284916,-0.010448196,0.016788817
-140,240,4.51E-05,5.59E-05,-7.19E-06,2.058558386,-2.153677968,-2.141093094,-0.00990266,0.017583116
-140,260,4.32E-05,5.53E-05,-6.79E-06,2.059685888,-2.168365528,-2.144003197,-0.00953029,0.018310859
-120,-260,5.96E-05,1.57E-04,-3.11E-05,-0.868880331,2.105267655,1.861728716,-0.03640094,-0.040919183
-120,-240,6.61E-05,1.59E-04,-3.51E-05,-0.793436953,2.082273216,1.841286051,-0.036367937,-0.040221106
-120,-220,7.28E-05,1.62E-04,-3.92E-05,-0.77678074,2.051845742,1.816894798,-0.036103831,-0.039746785
-120,-200,8.11E-05,1.65E-04,-4.42E-05,-0.76642265,2.010814004,1.780917581,-0.036194891,-0.039362344
-120,-180,9.31E-05,1.68E-04,-5.09E-05,-0.707907986,1.947295094,1.750313907,-0.036090273,-0.039246268
-120,-160,1.07E-04,1.69E-04,-5.84E-05,-0.65218475,1.886340733,1.648095086,-0.035704027,-0.037320408
-120,-140,0.000134036,1.72E-04,-7.14E-05,-0.519582553,1.753438927,1.526035215,-0.035533215,-0.036903449
-120,-120,0.000167716,0.000167704,-0.000084044,0.603377914,0.604262273,-0.000578407,-0.035110573,-0.034961553
-120,-100,1.89E-04,1.52E-04,-8.54E-05,1.729985667,-0.686936466,-1.574385146,-0.031042083,-0.029839259
-120,-80,1.91E-04,1.32E-04,-7.61E-05,1.829839998,-0.954376242,-1.763454572,-0.027777684,-0.024201026
-120,-60,1.85E-04,1.11E-04,-6.36E-05,1.882005057,-1.137165963,-1.863369218,-0.024792139,-0.018953665
-120,-40,1.69E-04,9.80E-05,-5.16E-05,1.916347159,-1.312435111,-1.93136075,-0.022453171,-0.013928326
-120,-20,1.52E-04,8.82E-05,-4.17E-05,1.940574355,-1.453134235,-1.978970774,-0.020125937,-0.008944095
-120,0,1.36E-04,8.18E-05,-3.39E-05,1.956596521,-1.596973657,-2.014945616,-0.018178726,-0.004669762
-120,20,1.16E-04,7.68E-05,-2.69E-05,1.97083184,-1.703688784,-2.040971822,-0.016451978,-0.000606445
-120,40,9.93E-05,7.32E-05,-2.18E-05,1.982840132,-1.794394312,-2.058710463,-0.015204389,0.002760108
-120,60,8.41E-05,7.03E-05,-1.77E-05,1.991484009,-1.861807658,-2.073373211,-0.014093132,0.005329637
-120,80,7.61E-05,6.80E-05,-1.54E-05,1.999448829,-1.922810003,-2.086389008,-0.013078733,0.007897352
-120,100,7.08E-05,6.60E-05,-1.38E-05,2.005816841,-1.967635426,-2.094161964,-0.012348085,0.009970918
-120,120,6.44E-05,6.44E-05,-1.22E-05,2.010958674,-2.009773132,-2.100444049,-0.011640108,0.011798363
-120,140,6.02E-05,6.32E-05,-1.12E-05,2.015492689,-2.04477658,-2.109913893,-0.010930218,0.013314501
-120,160,5.65E-05,6.22E-05,-1.02E-05,2.019766156,-2.070869516,-2.11484429,-0.010521806,0.014540659
-120,180,5.25E-05,6.13E-05,-9.35E-06,2.023115765,-2.095234405,-2.120216888,-0.009939037,0.01561047
-120,200,4.94E-05,6.05E-05,-8.64E-06,2.026213914,-2.116165528,-2.127246504,-0.009585865,0.016645741
-120,220,4.74E-05,5.99E-05,-8.15E-06,2.028587122,-2.13468839,-2.132315518,-0.008975488,0.017632826
-120,240,4.55E-05,5.93E-05,-7.73E-06,2.030528444,-2.15243702,-2.135651174,-0.008538162,0.018186912
-120,260,4.36E-05,5.87E-05,-7.30E-06,2.033215503,-2.167324679,-2.138294988,-0.008229817,0.019251551
-100,-260,5.67E-05,1.56E-04,-2.88E-05,-0.992065499,2.119755483,1.918839683,-0.031039659,-0.037361135
-100,-240,6.21E-05,1.59E-04,-3.23E-05,-1.002032466,2.093821195,1.906625806,-0.030945129,-0.0370445
-100,-220,6.85E-05,1.63E-04,-3.65E-05,-0.972863998,2.06861532,1.885357295,-0.030778549,-0.036331161
-100,-200,7.56E-05,1.67E-04,-4.13E-05,-0.964275588,2.036956746,1.865655736,-0.030690823,-0.035763909
-100,-180,8.64E-05,1.71E-04,-4.79E-05,-0.906602411,1.990875333,1.830563225,-0.030501101,-0.034693101
-100,-160,9.79E-05,1.75E-04,-5.50E-05,-0.879117112,1.93604417,1.785783032,-0.030201944,-0.033649024
-100,-140,1.17E-04,1.81E-04,-6.61E-05,-0.814021831,1.856352849,1.707333208,-0.030032042,-0.032635654
-100,-120,1.52E-04,1.89E-04,-8.54E-05,-0.675835507,1.712345205,1.589825315,-0.029757499,-0.031329055
-100,-100,0.000190276,0.000190236,-0.000102436,0.502365041,0.503073864,0.000718262,-0.029246079,-0.029098083
-100,-80,2.03E-04,1.72E-04,-9.94E-05,1.664004752,-0.803098967,-1.635928436,-0.026044604,-0.024271597
-100,-60,2.01E-04,1.47E-04,-8.65E-05,1.784957125,-1.092957926,-1.803708509,-0.023022331,-0.018806059
-100,-40,1.83E-04,1.22E-04,-6.79E-05,1.840681345,-1.253057411,-1.892491956,-0.0204595,-0.013624313
-100,-20,1.63E-04,1.03E-04,-5.19E-05,1.87752072,-1.422571334,-1.950853718,-0.018213834,-0.008606552
-100,0,1.44E-04,9.27E-05,-4.10E-05,1.90587665,-1.575618453,-1.994905801,-0.016602618,-0.004155518
-100,20,1.23E-04,8.48E-05,-3.18E-05,1.924879637,-1.689892762,-2.027620798,-0.014806847,-6.61E-05
-100,40,1.05E-04,7.98E-05,-2.52E-05,1.938954412,-1.77817894,-2.05149556,-0.013355437,0.003307661
-100,60,8.73E-05,7.64E-05,-2.01E-05,1.947673485,-1.852394836,-2.063995002,-0.012338549,0.005944413
-100,80,7.82E-05,7.42E-05,-1.73E-05,1.956064315,-1.916033415,-2.073717476,-0.011219874,0.008748959
-100,100,7.24E-05,7.24E-05,-1.56E-05,1.963233444,-1.962140832,-2.086738446,-0.010457508,0.010664309
-100,120,6.59E-05,7.08E-05,-1.38E-05,1.968914244,-2.005171584,-2.09815196,-0.009741643,0.012221906
-100,140,6.13E-05,6.94E-05,-1.25E-05,1.973936919,-2.042481854,-2.102641343,-0.009139527,0.01400272
-100,160,5.75E-05,6.80E-05,-1.14E-05,1.977941445,-2.067391961,-2.106787541,-0.008508511,0.015315859
-100,180,5.35E-05,6.67E-05,-1.04E-05,1.981821585,-2.092828762,-2.113482735,-0.008026314,0.0164592
-100,200,5.00E-05,6.55E-05,-9.52E-06,1.985192032,-2.113501243,-2.118387946,-0.007579281,0.017227912
-100,220,4.79E-05,6.44E-05,-8.91E-06,1.98865379,-2.133042243,-2.126351855,-0.007155707,0.01812263
-100,240,4.60E-05,6.34E-05,-8.39E-06,1.991203988,-2.150562953,-2.127565827,-0.006877236,0.019277881
-100,260,4.41E-05,6.26E-05,-7.90E-06,1.993977063,-2.165857492,-2.131493833,-0.006522842,0.020114113
-80,-260,5.41E-05,1.49E-04,-2.56E-05,-1.129488195,2.127085149,1.967012767,-0.025692114,-0.034583845
-80,-240,5.80E-05,1.53E-04,-2.84E-05,-1.372091686,2.086298981,1.961331165,-0.02628358,-0.037020413
-80,-220,6.42E-05,1.57E-04,-3.24E-05,-1.157397663,2.08006344,1.939768672,-0.025448114,-0.033916457
-80,-200,7.06E-05,1.63E-04,-3.70E-05,-1.105157548,2.05289645,1.92566447,-0.025218009,-0.032608878
-80,-180,7.86E-05,1.68E-04,-4.25E-05,-1.080040401,2.01716209,1.901100221,-0.025068652,-0.031810167
-80,-160,9.05E-05,1.76E-04,-5.06E-05,-1.035016268,1.963654978,1.87338494,-0.024883281,-0.030758284
-80,-140,1.04E-04,1.82E-04,-5.96E-05,-1.009672499,1.909570272,1.828714446,-0.024703496,-0.029502001
-80,-120,1.32E-04,1.91E-04,-7.61E-05,-0.95850891,1.828997537,1.767992872,-0.024309174,-0.027860498
-80,-100,1.72E-04,2.03E-04,-9.94E-05,-0.803048228,1.663091466,1.634893795,-0.024113657,-0.02607226
-80,-80,0.000207844,0.000207732,-0.000117208,0.401222029,0.402046672,-0.001586566,-0.023382777,-0.023265116
-80,-60,2.17E-04,1.92E-04,-1.14E-04,1.635199728,-0.985624971,-1.674083394,-0.020503316,-0.018462743
-80,-40,2.05E-04,1.62E-04,-9.42E-05,1.746430775,-1.216300689,-1.832224585,-0.018423448,-0.013121878
-80,-20,1.79E-04,1.35E-04,-7.17E-05,1.80196091,-1.396706005,-1.915956715,-0.016102921,-0.008159141
-80,0,1.57E-04,1.14E-04,-5.41E-05,1.833921243,-1.550282114,-1.965706364,-0.014213165,-0.003549364
-80,20,1.33E-04,9.89E-05,-4.02E-05,1.859925632,-1.658176477,-2.006273354,-0.0127011,0.000562964
-80,40,1.11E-04,8.99E-05,-3.03E-05,1.880412114,-1.760788175,-2.036448971,-0.011319903,0.004172252
-80,60,9.21E-05,8.45E-05,-2.36E-05,1.894988234,-1.83854333,-2.050209082,-0.010275595,0.006989875
-80,80,8.09E-05,8.09E-05,-1.97E-05,1.907018825,-1.906552444,-2.06611703,-0.009425385,0.00964412
-80,100,7.42E-05,7.82E-05,-1.74E-05,1.917034864,-1.95480676,-2.07617072,-0.008517706,0.011193446
-80,120,6.80E-05,7.61E-05,-1.54E-05,1.924134634,-1.997932907,-2.084782118,-0.007877244,0.013142348
-80,140,6.25E-05,7.45E-05,-1.38E-05,1.930258885,-2.03627873,-2.09248209,-0.007246509,0.014945704
-80,160,5.85E-05,7.32E-05,-1.26E-05,1.934903812,-2.064487222,-2.099155536,-0.006647845,0.016118673
-80,180,5.46E-05,7.20E-05,-1.15E-05,1.93902662,-2.089164444,-2.105513897,-0.006133416,0.017287318
-80,200,5.07E-05,7.10E-05,-1.05E-05,1.942610561,-2.111212248,-2.111263384,-0.005750594,0.018165166
-80,220,4.85E-05,7.00E-05,-9.86E-06,1.945835965,-2.130969837,-2.116534179,-0.005337795,0.019127268
-80,240,4.65E-05,6.92E-05,-9.30E-06,1.948904002,-2.147950722,-2.121138896,-0.004962479,0.020008566
-80,260,4.46E-05,6.84E-05,-8.77E-06,1.951674066,-2.164319043,-2.125298469,-0.004653994,0.020952733
-60,-260,5.20E-05,1.39E-04,-2.24E-05,-1.29715517,2.133771289,2.009735255,-0.020522042,-0.032464642
-60,-240,5.51E-05,1.42E-04,-2.45E-05,-1.276157571,2.116714481,1.996443335,-0.020324316,-0.031447381
-60,-220,6.03E-05,1.47E-04,-2.78E-05,-1.265638405,2.095150235,1.984229779,-0.020103392,-0.03067786
-60,-200,6.60E-05,1.52E-04,-3.17E-05,-1.261775521,2.063370744,1.972423623,-0.020120865,-0.030345869
-60,-180,7.25E-05,1.58E-04,-3.63E-05,-1.145914896,2.030520415,1.95578659,-0.019845141,-0.029491886
-60,-160,8.27E-05,1.66E-04,-4.33E-05,-1.184426192,1.983559247,1.932501148,-0.019704969,-0.028301632
-60,-140,9.36E-05,1.74E-04,-5.13E-05,-1.179266075,1.945576181,1.905152567,-0.01936072,-0.026487453
-60,-120,1.11E-04,1.85E-04,-6.37E-05,-1.142288112,1.880399435,1.863296865,-0.019072548,-0.024906561
-60,-100,1.47E-04,2.01E-04,-8.65E-05,-1.113565288,1.790978564,1.803426256,-0.018711564,-0.022867244
-60,-80,1.92E-04,2.17E-04,-1.14E-04,-0.985478309,1.634027722,1.672313124,-0.018364297,-0.020794181
-60,-60,0.000220684,0.000220572,-0.00012852,0.300826041,0.301078052,-0.000163257,-0.017432229,-0.017545958
-60,-40,2.29E-04,2.07E-04,-1.25E-04,1.582844696,-1.117826669,-1.709618195,-0.015242747,-0.012684078
-60,-20,2.05E-04,1.77E-04,-1.01E-04,1.691742789,-1.336026185,-1.848869704,-0.013102787,-0.007536033
-60,0,1.76E-04,1.47E-04,-7.55E-05,1.747457313,-1.507545114,-1.931913408,-0.011513272,-0.002758722
-60,20,1.48E-04,1.25E-04,-5.54E-05,1.784892445,-1.639946555,-1.977440393,-0.0101753,0.001229827
-60,40,1.21E-04,1.10E-04,-4.03E-05,1.807784287,-1.743141892,-2.016460956,-0.008792939,0.00482887
-60,60,9.90E-05,9.90E-05,-2.98E-05,1.826357845,-1.825331329,-2.03441011,-0.007677977,0.007837804
-60,80,8.45E-05,9.21E-05,-2.36E-05,1.839835485,-1.893939214,-2.050745101,-0.006817065,0.010312047
-60,100,7.64E-05,8.72E-05,-2.01E-05,1.850848142,-1.946877046,-2.064128985,-0.006072785,0.012402485
-60,120,7.03E-05,8.40E-05,-1.77E-05,1.86275961,-1.99042874,-2.072717404,-0.005315388,0.014046175
-60,140,6.39E-05,8.16E-05,-1.56E-05,1.871829023,-2.031508557,-2.083247662,-0.004784638,0.015831057
-60,160,5.98E-05,7.97E-05,-1.41E-05,1.876559527,-2.060006313,-2.090732315,-0.004340364,0.017030061
-60,180,5.58E-05,7.80E-05,-1.28E-05,1.882350041,-2.085992448,-2.096430095,-0.003948225,0.018168678
-60,200,5.16E-05,7.65E-05,-1.16E-05,1.890231014,-2.108404704,-2.101519966,-0.003560152,0.019161159
-60,220,4.91E-05,7.51E-05,-1.08E-05,1.88947831,-2.128379106,-2.107170577,-0.00324667,0.020034354
-60,240,4.71E-05,7.39E-05,-1.01E-05,1.895769283,-2.145497177,-2.112841083,-0.002845143,0.021107227
-60,260,4.52E-05,7.29E-05,-9.54E-06,1.903791067,-2.162184996,-2.118690703,-0.002713908,0.0217288
-40,-260,5.03E-05,1.31E-04,-1.99E-05,-1.409515996,2.14082106,2.04067806,-0.01548204,-0.030013004
-40,-240,5.29E-05,1.33E-04,-2.15E-05,-1.395938546,2.120991192,2.033850705,-0.015258178,-0.029414754
-40,-220,5.68E-05,1.36E-04,-2.38E-05,-1.438975173,2.100932743,2.024228194,-0.015157359,-0.028392385
-40,-200,6.23E-05,1.40E-04,-2.70E-05,-1.406999606,2.077179454,2.010454262,-0.014967049,-0.027544957
-40,-180,6.79E-05,1.45E-04,-3.07E-05,-1.401395359,2.047416396,1.996718318,-0.014768906,-0.026659406
-40,-160,7.52E-05,1.51E-04,-3.55E-05,-1.380268893,2.012671793,1.977796844,-0.014514383,-0.025494099
-40,-140,8.55E-05,1.58E-04,-4.24E-05,-1.352636729,1.965986082,1.958236486,-0.014269542,-0.024151715
-40,-120,9.80E-05,1.69E-04,-5.15E-05,-1.310831594,1.916238692,1.933159313,-0.013893344,-0.022746084
-40,-100,1.22E-04,1.83E-04,-6.79E-05,-1.283333776,1.839139366,1.892419926,-0.013557393,-0.020580971
-40,-80,1.62E-04,2.05E-04,-9.41E-05,-1.216169125,1.745513691,1.830910363,-0.013088952,-0.018345239
-40,-60,2.08E-04,2.29E-04,-1.25E-04,-1.117969303,1.581663872,1.706789346,-0.012562323,-0.015256569
-40,-40,0.000233324,0.000233216,-0.000139628,0.200434883,0.200571225,-7.05E-05,-0.011612757,-0.011688516
-40,-20,2.30E-04,2.16E-04,-1.30E-04,1.525783143,-1.236424633,-1.731975008,-0.009779908,-0.006886684
-40,0,2.00E-04,1.88E-04,-1.04E-04,1.619896061,-1.446205574,-1.864051283,-0.008197274,-0.002053121
-40,20,1.70E-04,1.60E-04,-7.87E-05,1.675804863,-1.594073902,-1.93842748,-0.006861084,0.002223068
-40,40,1.36E-04,1.36E-04,-5.55E-05,1.716407305,-1.715703651,-1.977760063,-0.005793954,0.005757396
-40,60,1.10E-04,1.20E-04,-4.03E-05,1.743241631,-1.807274495,-2.012659358,-0.004865886,0.008874589
-40,80,8.99E-05,1.11E-04,-3.03E-05,1.7617365,-1.880092362,-2.031427244,-0.004112801,0.011352999
-40,100,7.98E-05,1.05E-04,-2.52E-05,1.778873002,-1.937558232,-2.049453043,-0.003353653,0.013357341
-40,120,7.32E-05,9.93E-05,-2.18E-05,1.795174518,-1.981555057,-2.060565578,-0.002599351,0.015253262
-40,140,6.60E-05,9.44E-05,-1.86E-05,1.804882658,-2.024722755,-2.070144879,-0.002061499,0.016940137
-40,160,6.13E-05,9.07E-05,-1.66E-05,1.812396296,-2.054944778,-2.078268248,-0.001569815,0.018199825
-40,180,5.72E-05,8.76E-05,-1.49E-05,1.819036354,-2.081438392,-2.085168756,-0.001142355,0.019327736
-40,200,5.27E-05,8.50E-05,-1.33E-05,1.824840139,-2.10343397,-2.090500254,-0.000738348,0.020342467
-40,220,4.99E-05,8.28E-05,-1.22E-05,1.83022129,-2.124498987,-2.096432661,-0.000401212,0.021219289
-40,240,4.78E-05,8.10E-05,-1.14E-05,1.83443166,-2.14252334,-2.10168348,-5.46E-05,0.022165813
-40,260,4.58E-05,7.96E-05,-1.06E-05,1.83443166,-2.14252334,-2.10168348,-5.46E-05,0.022165813
-20,-260,4.89E-05,1.19E-04,-1.74E-05,-1.564226364,2.146954836,2.064430738,-0.011016986,-0.027638547
-20,-240,5.13E-05,1.22E-04,-1.88E-05,-1.56064219,2.129706681,2.056238974,-0.010779875,-0.02690547
-20,-220,5.42E-05,1.25E-04,-2.05E-05,-1.549828275,2.108226472,2.048902619,-0.010537663,-0.026101503
-20,-200,5.92E-05,1.29E-04,-2.30E-05,-1.538217602,2.086566762,2.040589269,-0.010280272,-0.025376131
-20,-180,6.42E-05,1.33E-04,-2.60E-05,-1.533130466,2.06032137,2.029811781,-0.010075658,-0.024400215
-20,-160,7.00E-05,1.38E-04,-2.97E-05,-1.522696992,2.028323284,2.01777449,-0.009777541,-0.0234591
-20,-140,7.91E-05,1.45E-04,-3.53E-05,-1.505652717,1.986232962,1.999837327,-0.009356234,-0.021832605
-20,-120,8.82E-05,1.52E-04,-4.16E-05,-1.45282097,1.939065005,1.982018846,-0.008942325,-0.020221869
-20,-100,1.04E-04,1.63E-04,-5.19E-05,-1.442406591,1.877540767,1.952592163,-0.008602524,-0.018339142
-20,-80,1.35E-04,1.79E-04,-7.17E-05,-1.396188607,1.801077699,1.917407428,-0.008109709,-0.016061059
-20,-60,1.77E-04,2.05E-04,-1.01E-04,-1.335416973,1.691500688,1.847795869,-0.007506399,-0.013214509
-20,-40,2.16E-04,2.30E-04,-1.30E-04,-1.236533905,1.525146357,1.73127412,-0.006900913,-0.009915385
-20,-20,0.000246496,0.000246392,-0.000151356,0.100241282,0.100338941,-0.000326048,-0.005835813,-0.005806877
-20,0,2.27E-04,2.21E-04,-1.31E-04,1.492548258,-1.406303028,-1.712694812,-0.004234539,-0.001350617
-20,20,1.97E-04,1.97E-04,-1.06E-04,1.540845141,-1.540313065,-1.874924546,-0.003200437,0.003243265
-20,40,1.60E-04,1.70E-04,-7.87E-05,1.590850471,-1.672715692,-1.934618707,-0.002113106,0.007118895
-20,60,1.25E-04,1.48E-04,-5.54E-05,1.633836546,-1.781656106,-1.9777045,-0.001186398,0.010229498
-20,80,9.89E-05,1.33E-04,-4.02E-05,1.657671335,-1.859118938,-2.006198466,-0.000504949,0.012774524
-20,100,8.48E-05,1.23E-04,-3.18E-05,1.690385531,-1.924586951,-2.026499118,0.000230777,0.014973855
-20,120,7.68E-05,1.16E-04,-2.68E-05,1.703534737,-1.971105737,-2.040131396,0.000708741,0.016640407
-20,140,6.88E-05,1.10E-04,-2.28E-05,1.716403703,-2.015253596,-2.054317268,0.001096506,0.018219222
-20,160,6.34E-05,1.06E-04,-2.01E-05,1.724995372,-2.050216493,-2.064130442,0.001503742,0.019594008
-20,180,5.90E-05,1.02E-04,-1.80E-05,1.739899983,-2.076014448,-2.07208741,0.001907202,0.020604408
-20,200,5.45E-05,9.96E-05,-1.61E-05,1.74946282,-2.09937585,-2.078954688,0.002376711,0.021679906
-20,220,5.10E-05,9.71E-05,-1.47E-05,1.753572949,-2.120626238,-2.086102381,0.002714664,0.022564877
-20,240,4.88E-05,9.45E-05,-1.36E-05,1.756234806,-2.139615749,-2.091981503,0.002927093,0.02340973
-20,260,4.67E-05,9.19E-05,-1.26E-05,1.764948732,-2.156632333,-2.096981482,0.003213864,0.024108138
0,-260,4.77E-05,1.05E-04,-1.48E-05,-1.664387143,2.151931692,2.083120351,-0.006661194,-0.02571466
0,-240,4.99E-05,1.08E-04,-1.59E-05,-1.647340903,2.134809085,2.075935307,-0.006517952,-0.02506827
0,-220,5.24E-05,1.11E-04,-1.73E-05,-1.647922665,2.115536539,2.069208142,-0.006390302,-0.024244692
0,-200,5.66E-05,1.14E-04,-1.93E-05,-1.647947924,2.093964329,2.061818425,-0.006157359,-0.023362899
0,-180,6.13E-05,1.18E-04,-2.17E-05,-1.634503384,2.068835819,2.054474639,-0.005778993,-0.022477296
0,-160,6.62E-05,1.23E-04,-2.45E-05,-1.619464677,2.039528152,2.044111119,-0.005484187,-0.021534858
0,-140,7.34E-05,1.28E-04,-2.86E-05,-1.615730816,2.002156123,2.031744305,-0.005235054,-0.019884062
0,-120,8.18E-05,1.35E-04,-3.39E-05,-1.596655216,1.956841123,2.016755953,-0.004781883,-0.018261964
0,-100,9.27E-05,1.44E-04,-4.10E-05,-1.575672524,1.905475573,1.994901666,-0.004288678,-0.016625871
0,-80,1.14E-04,1.57E-04,-5.41E-05,-1.550029371,1.832783699,1.967954538,-0.00358339,-0.014266757
0,-60,1.47E-04,1.76E-04,-7.55E-05,-1.515651867,1.749160846,1.927540682,-0.002908748,-0.011652427
0,-40,1.88E-04,2.00E-04,-1.04E-04,-1.443997339,1.618364658,1.869158861,-0.002112724,-0.008270501
0,-20,2.21E-04,2.27E-04,-1.31E-04,-1.406152585,1.491846428,1.713204038,-0.001359826,-0.004237733
0,0,0.000247236,0.000245112,-0.000151024,0,0,0,0,0
0,20,2.21E-04,2.27E-04,-1.31E-04,1.406152585,-1.491846428,-1.713204038,0.001359826,0.004237733
0,40,1.88E-04,2.00E-04,-1.04E-04,1.443997339,-1.618364658,-1.869158861,0.002112724,0.008270501
0,60,1.47E-04,1.76E-04,-7.55E-05,1.515651867,-1.749160846,-1.927540682,0.002908748,0.011652427
0,80,1.14E-04,1.57E-04,-5.41E-05,1.550029371,-1.832783699,-1.967954538,0.00358339,0.014266757
0,100,9.27E-05,1.44E-04,-4.10E-05,1.575672524,-1.905475573,-1.994901666,0.004288678,0.016625871
0,120,8.18E-05,1.36E-04,-3.39E-05,1.596655216,-1.956841123,-2.016755953,0.004781883,0.018261964
0,140,7.34E-05,1.28E-04,-2.86E-05,1.615730816,-2.002156123,-2.031744305,0.005235054,0.019884062
0,160,6.62E-05,1.23E-04,-2.45E-05,1.619464677,-2.039528152,-2.044111119,0.005484187,0.021534858
0,180,6.13E-05,1.18E-04,-2.17E-05,1.634503384,-2.068835819,-2.054474639,0.005778993,0.022477296
0,200,5.66E-05,1.14E-04,-1.93E-05,1.647947924,-2.093964329,-2.061818425,0.006157359,0.023362899
0,220,5.24E-05,1.11E-04,-1.73E-05,1.647922665,-2.115536539,-2.069208142,0.006390302,0.024244692
0,240,4.99E-05,1.08E-04,-1.59E-05,1.647340903,-2.134809085,-2.075935307,0.006517952,0.02506827
0,260,4.77E-05,1.05E-04,-1.48E-05,1.664387143,-2.151931692,-2.083120351,0.006661194,0.02571466
20,-260,4.67E-05,9.19E-05,-1.26E-05,1.764948732,-2.156632333,-2.096981482,-0.003213864,-0.024108138
20,-240,4.88E-05,9.45E-05,-1.36E-05,1.756234806,-2.139615749,-2.091981503,-0.002927093,-0.02340973
20,-220,5.10E-05,9.71E-05,-1.47E-05,1.753572949,-2.120626238,-2.086102381,-0.002714664,-0.022564877
20,-200,5.45E-05,9.96E-05,-1.61E-05,1.74946282,-2.09937585,-2.078954688,-0.002376711,-0.021679906
20,-180,5.90E-05,1.02E-04,-1.80E-05,1.739899983,-2.076014448,-2.07208741,-0.001907202,-0.020604408
20,-160,6.34E-05,1.06E-04,-2.01E-05,1.724995372,-2.050216493,-2.064130442,-0.001503742,-0.019594008
20,-140,6.88E-05,1.10E-04,-2.28E-05,1.716403703,-2.015253596,-2.054317268,-0.001096506,-0.018219222
20,-120,7.68E-05,1.16E-04,-2.68E-05,1.703534737,-1.971105737,-2.040131396,-0.000708741,-0.016640407
20,-100,8.48E-05,1.23E-04,-3.18E-05,1.690385531,-1.924586951,-2.026499118,-0.000230777,-0.014973855
20,-80,9.89E-05,1.33E-04,-4.02E-05,1.657671335,-1.859118938,-2.006198466,0.000504949,-0.012774524
20,-60,1.25E-04,1.48E-04,-5.54E-05,1.633836546,-1.781656106,-1.9777045,0.001186398,-0.010229498
20,-40,1.60E-04,1.70E-04,-7.87E-05,1.590850471,-1.672715692,-1.934618707,0.002113106,-0.007118895
20,-20,1.97E-04,1.97E-04,-1.06E-04,1.540845141,-1.540313065,-1.874924546,0.003200437,-0.003243265
20,0,2.27E-04,2.21E-04,-1.31E-04,1.492548258,-1.406303028,-1.712694812,0.004234539,0.001350617
20,20,0.000246496,0.000246392,-0.000151356,0.100241282,0.100338941,-0.000326048,0.005835813,0.005806877
20,40,2.16E-04,2.30E-04,-1.30E-04,-1.236533905,1.525146357,1.73127412,0.006900913,0.009915385
20,60,1.77E-04,2.05E-04,-1.01E-04,-1.335416973,1.691500688,1.847795869,0.007506399,0.013214509
20,80,1.35E-04,1.79E-04,-7.17E-05,-1.396188607,1.801077699,1.917407428,0.008109709,0.016061059
20,100,1.04E-04,1.63E-04,-5.19E-05,-1.442406591,1.877540767,1.952592163,0.008602524,0.018339142
20,120,8.82E-05,1.52E-04,-4.16E-05,-1.45282097,1.939065005,1.982018846,0.008942325,0.020221869
20,140,7.91E-05,1.45E-04,-3.53E-05,-1.505652717,1.986232962,1.999837327,0.009356234,0.021832605
20,160,7.00E-05,1.38E-04,-2.97E-05,-1.522696992,2.028323284,2.01777449,0.009777541,0.0234591
20,180,6.42E-05,1.33E-04,-2.60E-05,-1.533130466,2.06032137,2.029811781,0.010075658,0.024400215
20,200,5.92E-05,1.29E-04,-2.30E-05,-1.538217602,2.086566762,2.040589269,0.010280272,0.025376131
20,220,5.42E-05,1.25E-04,-2.05E-05,-1.549828275,2.108226472,2.048902619,0.010537663,0.026101503
20,240,5.13E-05,1.22E-04,-1.88E-05,-1.56064219,2.129706681,2.056238974,0.010779875,0.02690547
20,260,4.89E-05,1.19E-04,-1.74E-05,-1.564226364,2.146954836,2.064430738,0.011016986,0.027638547
40,-260,4.58E-05,7.96E-05,-1.06E-05,1.83443166,-2.14252334,-2.10168348,5.46E-05,-0.022165813
40,-240,4.78E-05,8.10E-05,-1.14E-05,1.83443166,-2.14252334,-2.10168348,5.46E-05,-0.022165813
40,-220,4.99E-05,8.28E-05,-1.22E-05,1.83022129,-2.124498987,-2.096432661,0.000401212,-0.021219289
40,-200,5.27E-05,8.50E-05,-1.33E-05,1.824840139,-2.10343397,-2.090500254,0.000738348,-0.020342467
40,-180,5.72E-05,8.76E-05,-1.49E-05,1.819036354,-2.081438392,-2.085168756,0.001142355,-0.019327736
40,-160,6.13E-05,9.07E-05,-1.66E-05,1.812396296,-2.054944778,-2.078268248,0.001569815,-0.018199825
40,-140,6.60E-05,9.44E-05,-1.86E-05,1.804882658,-2.024722755,-2.070144879,0.002061499,-0.016940137
40,-120,7.32E-05,9.93E-05,-2.18E-05,1.795174518,-1.981555057,-2.060565578,0.002599351,-0.015253262
40,-100,7.98E-05,1.05E-04,-2.52E-05,1.778873002,-1.937558232,-2.049453043,0.003353653,-0.013357341
40,-80,8.99E-05,1.11E-04,-3.03E-05,1.7617365,-1.880092362,-2.031427244,0.004112801,-0.011352999
40,-60,1.10E-04,1.20E-04,-4.03E-05,1.743241631,-1.807274495,-2.012659358,0.004865886,-0.008874589
40,-40,1.36E-04,1.36E-04,-5.55E-05,1.716407305,-1.715703651,-1.977760063,0.005793954,-0.005757396
40,-20,1.70E-04,1.60E-04,-7.87E-05,1.675804863,-1.594073902,-1.93842748,0.006861084,-0.002223068
40,0,2.00E-04,1.88E-04,-1.04E-04,1.619896061,-1.446205574,-1.864051283,0.008197274,0.002053121
40,20,2.30E-04,2.16E-04,-1.30E-04,1.525783143,-1.236424633,-1.731975008,0.009779908,0.006886684
40,40,0.000233324,0.000233216,-0.000139628,0.200434883,0.200571225,-7.05E-05,0.011612757,0.011688516
40,60,2.08E-04,2.29E-04,-1.25E-04,-1.117969303,1.581663872,1.706789346,0.012562323,0.015256569
40,80,1.62E-04,2.05E-04,-9.41E-05,-1.216169125,1.745513691,1.830910363,0.013088952,0.018345239
40,100,1.22E-04,1.83E-04,-6.79E-05,-1.283333776,1.839139366,1.892419926,0.013557393,0.020580971
40,120,9.80E-05,1.69E-04,-5.15E-05,-1.310831594,1.916238692,1.933159313,0.013893344,0.022746084
40,140,8.55E-05,1.58E-04,-4.24E-05,-1.352636729,1.965986082,1.958236486,0.014269542,0.024151715
40,160,7.52E-05,1.51E-04,-3.55E-05,-1.380268893,2.012671793,1.977796844,0.014514383,0.025494099
40,180,6.79E-05,1.45E-04,-3.07E-05,-1.401395359,2.047416396,1.996718318,0.014768906,0.026659406
40,200,6.23E-05,1.40E-04,-2.70E-05,-1.406999606,2.077179454,2.010454262,0.014967049,0.027544957
40,220,5.68E-05,1.36E-04,-2.38E-05,-1.438975173,2.100932743,2.024228194,0.015157359,0.028392385
40,240,5.29E-05,1.33E-04,-2.15E-05,-1.395938546,2.120991192,2.033850705,0.015258178,0.029414754
40,260,5.03E-05,1.31E-04,-1.99E-05,-1.409515996,2.14082106,2.04067806,0.01548204,0.030013004
60,-260,4.52E-05,7.29E-05,-9.54E-06,1.903791067,-2.162184996,-2.118690703,0.002713908,-0.0217288
60,-240,4.71E-05,7.39E-05,-1.01E-05,1.895769283,-2.145497177,-2.112841083,0.002845143,-0.021107227
60,-220,4.91E-05,7.51E-05,-1.08E-05,1.88947831,-2.128379106,-2.107170577,0.00324667,-0.020034354
60,-200,5.16E-05,7.65E-05,-1.16E-05,1.890231014,-2.108404704,-2.101519966,0.003560152,-0.019161159
60,-180,5.58E-05,7.80E-05,-1.28E-05,1.882350041,-2.085992448,-2.096430095,0.003948225,-0.018168678
60,-160,5.98E-05,7.97E-05,-1.41E-05,1.876559527,-2.060006313,-2.090732315,0.004340364,-0.017030061
60,-140,6.39E-05,8.16E-05,-1.56E-05,1.871829023,-2.031508557,-2.083247662,0.004784638,-0.015831057
60,-120,7.03E-05,8.40E-05,-1.77E-05,1.86275961,-1.99042874,-2.072717404,0.005315388,-0.014046175
60,-100,7.64E-05,8.72E-05,-2.01E-05,1.850848142,-1.946877046,-2.064128985,0.006072785,-0.012402485
60,-80,8.45E-05,9.21E-05,-2.36E-05,1.839835485,-1.893939214,-2.050745101,0.006817065,-0.010312047
60,-60,9.90E-05,9.90E-05,-2.98E-05,1.826357845,-1.825331329,-2.03441011,0.007677977,-0.007837804
60,-40,1.21E-04,1.10E-04,-4.03E-05,1.807784287,-1.743141892,-2.016460956,0.008792939,-0.00482887
60,-20,1.48E-04,1.25E-04,-5.54E-05,1.784892445,-1.639946555,-1.977440393,0.0101753,-0.001229827
60,0,1.76E-04,1.47E-04,-7.55E-05,1.747457313,-1.507545114,-1.931913408,0.011513272,0.002758722
60,20,2.05E-04,1.77E-04,-1.01E-04,1.691742789,-1.336026185,-1.848869704,0.013102787,0.007536033
60,40,2.29E-04,2.07E-04,-1.25E-04,1.582844696,-1.117826669,-1.709618195,0.015242747,0.012684078
60,60,0.000220684,0.000220572,-0.00012852,0.300826041,0.301078052,-0.000163257,0.017432229,0.017545958
60,80,1.92E-04,2.17E-04,-1.14E-04,-0.985478309,1.634027722,1.672313124,0.018364297,0.020794181
60,100,1.47E-04,2.01E-04,-8.65E-05,-1.113565288,1.790978564,1.803426256,0.018711564,0.022867244
60,120,1.11E-04,1.85E-04,-6.37E-05,-1.142288112,1.880399435,1.863296865,0.019072548,0.024906561
60,140,9.36E-05,1.74E-04,-5.13E-05,-1.179266075,1.945576181,1.905152567,0.01936072,0.026487453
60,160,8.27E-05,1.66E-04,-4.33E-05,-1.184426192,1.983559247,1.932501148,0.019704969,0.028301632
60,180,7.25E-05,1.58E-04,-3.63E-05,-1.145914896,2.030520415,1.95578659,0.019845141,0.029491886
60,200,6.60E-05,1.52E-04,-3.17E-05,-1.261775521,2.063370744,1.972423623,0.020120865,0.030345869
60,220,6.03E-05,1.47E-04,-2.78E-05,-1.265638405,2.095150235,1.984229779,0.020103392,0.03067786
60,240,5.51E-05,1.42E-04,-2.45E-05,-1.276157571,2.116714481,1.996443335,0.020324316,0.031447381
60,260,5.20E-05,1.39E-04,-2.24E-05,-1.29715517,2.133771289,2.009735255,0.020522042,0.032464642
80,-260,4.46E-05,6.84E-05,-8.77E-06,1.951674066,-2.164319043,-2.125298469,0.004653994,-0.020952733
80,-240,4.65E-05,6.92E-05,-9.30E-06,1.948904002,-2.147950722,-2.121138896,0.004962479,-0.020008566
80,-220,4.85E-05,7.00E-05,-9.86E-06,1.945835965,-2.130969837,-2.116534179,0.005337795,-0.019127268
80,-200,5.07E-05,7.10E-05,-1.05E-05,1.942610561,-2.111212248,-2.111263384,0.005750594,-0.018165166
80,-180,5.46E-05,7.20E-05,-1.15E-05,1.93902662,-2.089164444,-2.105513897,0.006133416,-0.017287318
80,-160,5.85E-05,7.32E-05,-1.26E-05,1.934903812,-2.064487222,-2.099155536,0.006647845,-0.016118673
80,-140,6.25E-05,7.45E-05,-1.38E-05,1.930258885,-2.03627873,-2.09248209,0.007246509,-0.014945704
80,-120,6.80E-05,7.61E-05,-1.54E-05,1.924134634,-1.997932907,-2.084782118,0.007877244,-0.013142348
80,-100,7.42E-05,7.82E-05,-1.74E-05,1.917034864,-1.95480676,-2.07617072,0.008517706,-0.011193446
80,-80,8.09E-05,8.09E-05,-1.97E-05,1.907018825,-1.906552444,-2.06611703,0.009425385,-0.00964412
80,-60,9.21E-05,8.45E-05,-2.36E-05,1.894988234,-1.83854333,-2.050209082,0.010275595,-0.006989875
80,-40,1.11E-04,8.99E-05,-3.03E-05,1.880412114,-1.760788175,-2.036448971,0.011319903,-0.004172252
80,-20,1.33E-04,9.89E-05,-4.02E-05,1.859925632,-1.658176477,-2.006273354,0.0127011,-0.000562964
80,0,1.57E-04,1.14E-04,-5.41E-05,1.833921243,-1.550282114,-1.965706364,0.014213165,0.003549364
80,20,1.79E-04,1.35E-04,-7.17E-05,1.80196091,-1.396706005,-1.915956715,0.016102921,0.008159141
80,40,2.05E-04,1.62E-04,-9.42E-05,1.746430775,-1.216300689,-1.832224585,0.018423448,0.013121878
80,60,2.17E-04,1.92E-04,-1.14E-04,1.635199728,-0.985624971,-1.674083394,0.020503316,0.018462743
80,80,0.000207844,0.000207732,-0.000117208,0.401222029,0.402046672,-0.001586566,0.023382777,0.023265116
80,100,1.72E-04,2.03E-04,-9.94E-05,-0.803048228,1.663091466,1.634893795,0.024113657,0.02607226
80,120,1.32E-04,1.91E-04,-7.61E-05,-0.95850891,1.828997537,1.767992872,0.024309174,0.027860498
80,140,1.04E-04,1.82E-04,-5.96E-05,-1.009672499,1.909570272,1.828714446,0.024703496,0.029502001
80,160,9.05E-05,1.76E-04,-5.06E-05,-1.035016268,1.963654978,1.87338494,0.024883281,0.030758284
80,180,7.86E-05,1.68E-04,-4.25E-05,-1.080040401,2.01716209,1.901100221,0.025068652,0.031810167
80,200,7.06E-05,1.63E-04,-3.70E-05,-1.105157548,2.05289645,1.92566447,0.025218009,0.032608878
80,220,6.42E-05,1.57E-04,-3.24E-05,-1.157397663,2.08006344,1.939768672,0.025448114,0.033916457
80,240,5.80E-05,1.53E-04,-2.84E-05,-1.372091686,2.086298981,1.961331165,0.02628358,0.037020413
80,260,5.41E-05,1.49E-04,-2.56E-05,-1.129488195,2.127085149,1.967012767,0.025692114,0.034583845
100,-260,4.41E-05,6.26E-05,-7.90E-06,1.993977063,-2.165857492,-2.131493833,0.006522842,-0.020114113
100,-240,4.60E-05,6.34E-05,-8.39E-06,1.991203988,-2.150562953,-2.127565827,0.006877236,-0.019277881
100,-220,4.79E-05,6.44E-05,-8.91E-06,1.98865379,-2.133042243,-2.126351855,0.007155707,-0.01812263
100,-200,5.00E-05,6.55E-05,-9.52E-06,1.985192032,-2.113501243,-2.118387946,0.007579281,-0.017227912
100,-180,5.35E-05,6.67E-05,-1.04E-05,1.981821585,-2.092828762,-2.113482735,0.008026314,-0.0164592
100,-160,5.75E-05,6.80E-05,-1.14E-05,1.977941445,-2.067391961,-2.106787541,0.008508511,-0.015315859
100,-140,6.13E-05,6.94E-05,-1.25E-05,1.973936919,-2.042481854,-2.102641343,0.009139527,-0.01400272
100,-120,6.59E-05,7.08E-05,-1.38E-05,1.968914244,-2.005171584,-2.09815196,0.009741643,-0.012221906
100,-100,7.24E-05,7.24E-05,-1.56E-05,1.963233444,-1.962140832,-2.086738446,0.010457508,-0.010664309
100,-80,7.82E-05,7.42E-05,-1.73E-05,1.956064315,-1.916033415,-2.073717476,0.011219874,-0.008748959
100,-60,8.73E-05,7.64E-05,-2.01E-05,1.947673485,-1.852394836,-2.063995002,0.012338549,-0.005944413
100,-40,1.05E-04,7.98E-05,-2.52E-05,1.938954412,-1.77817894,-2.05149556,0.013355437,-0.003307661
100,-20,1.23E-04,8.48E-05,-3.18E-05,1.924879637,-1.689892762,-2.027620798,0.014806847,6.61E-05
100,0,1.44E-04,9.27E-05,-4.10E-05,1.90587665,-1.575618453,-1.994905801,0.016602618,0.004155518
100,20,1.63E-04,1.03E-04,-5.19E-05,1.87752072,-1.422571334,-1.950853718,0.018213834,0.008606552
100,40,1.83E-04,1.22E-04,-6.79E-05,1.840681345,-1.253057411,-1.892491956,0.0204595,0.013624313
100,60,2.01E-04,1.47E-04,-8.65E-05,1.784957125,-1.092957926,-1.803708509,0.023022331,0.018806059
100,80,2.03E-04,1.72E-04,-9.94E-05,1.664004752,-0.803098967,-1.635928436,0.026044604,0.024271597
100,100,0.000190276,0.000190236,-0.000102436,0.502365041,0.503073864,0.000718262,0.029246079,0.029098083
100,120,1.52E-04,1.89E-04,-8.54E-05,-0.675835507,1.712345205,1.589825315,0.029757499,0.031329055
100,140,1.17E-04,1.81E-04,-6.61E-05,-0.814021831,1.856352849,1.707333208,0.030032042,0.032635654
100,160,9.79E-05,1.75E-04,-5.50E-05,-0.879117112,1.93604417,1.785783032,0.030201944,0.033649024
100,180,8.64E-05,1.71E-04,-4.79E-05,-0.906602411,1.990875333,1.830563225,0.030501101,0.034693101
100,200,7.56E-05,1.67E-04,-4.13E-05,-0.964275588,2.036956746,1.865655736,0.030690823,0.035763909
100,220,6.85E-05,1.63E-04,-3.65E-05,-0.972863998,2.06861532,1.885357295,0.030778549,0.036331161
100,240,6.21E-05,1.59E-04,-3.23E-05,-1.002032466,2.093821195,1.906625806,0.030945129,0.0370445
100,260,5.67E-05,1.56E-04,-2.88E-05,-0.992065499,2.119755483,1.918839683,0.031039659,0.037361135
120,-260,4.36E-05,5.87E-05,-7.30E-06,2.033215503,-2.167324679,-2.138294988,0.008229817,-0.019251551
120,-240,4.55E-05,5.93E-05,-7.73E-06,2.030528444,-2.15243702,-2.135651174,0.008538162,-0.018186912
120,-220,4.74E-05,5.99E-05,-8.15E-06,2.028587122,-2.13468839,-2.132315518,0.008975488,-0.017632826
120,-200,4.94E-05,6.05E-05,-8.64E-06,2.026213914,-2.116165528,-2.127246504,0.009585865,-0.016645741
120,-180,5.25E-05,6.13E-05,-9.35E-06,2.023115765,-2.095234405,-2.120216888,0.009939037,-0.01561047
120,-160,5.65E-05,6.22E-05,-1.02E-05,2.019766156,-2.070869516,-2.11484429,0.010521806,-0.014540659
120,-140,6.02E-05,6.32E-05,-1.12E-05,2.015492689,-2.04477658,-2.109913893,0.010930218,-0.013314501
120,-120,6.44E-05,6.44E-05,-1.22E-05,2.010958674,-2.009773132,-2.100444049,0.011640108,-0.011798363
120,-100,7.08E-05,6.60E-05,-1.38E-05,2.005816841,-1.967635426,-2.094161964,0.012348085,-0.009970918
120,-80,7.61E-05,6.80E-05,-1.54E-05,1.999448829,-1.922810003,-2.086389008,0.013078733,-0.007897352
120,-60,8.41E-05,7.03E-05,-1.77E-05,1.991484009,-1.861807658,-2.073373211,0.014093132,-0.005329637
120,-40,9.93E-05,7.32E-05,-2.18E-05,1.982840132,-1.794394312,-2.058710463,0.015204389,-0.002760108
120,-20,1.16E-04,7.68E-05,-2.69E-05,1.97083184,-1.703688784,-2.040971822,0.016451978,0.000606445
120,0,1.36E-04,8.18E-05,-3.39E-05,1.956596521,-1.596973657,-2.014945616,0.018178726,0.004669762
120,20,1.52E-04,8.82E-05,-4.17E-05,1.940574355,-1.453134235,-1.978970774,0.020125937,0.008944095
120,40,1.69E-04,9.80E-05,-5.16E-05,1.916347159,-1.312435111,-1.93136075,0.022453171,0.013928326
120,60,1.85E-04,1.11E-04,-6.36E-05,1.882005057,-1.137165963,-1.863369218,0.024792139,0.018953665
120,80,1.91E-04,1.32E-04,-7.61E-05,1.829839998,-0.954376242,-1.763454572,0.027777684,0.024201026
120,100,1.89E-04,1.52E-04,-8.54E-05,1.729985667,-0.686936466,-1.574385146,0.031042083,0.029839259
120,120,0.000167716,0.000167704,-0.000084044,0.603377914,0.604262273,-0.000578407,0.035110573,0.034961553
120,140,0.000134036,1.72E-04,-7.14E-05,-0.519582553,1.753438927,1.526035215,0.035533215,0.036903449
120,160,1.07E-04,1.69E-04,-5.84E-05,-0.65218475,1.886340733,1.648095086,0.035704027,0.037320408
120,180,9.31E-05,1.68E-04,-5.09E-05,-0.707907986,1.947295094,1.750313907,0.036090273,0.039246268
120,200,8.11E-05,1.65E-04,-4.42E-05,-0.76642265,2.010814004,1.780917581,0.036194891,0.039362344
120,220,7.28E-05,1.62E-04,-3.92E-05,-0.77678074,2.051845742,1.816894798,0.036103831,0.039746785
120,240,6.61E-05,1.59E-04,-3.51E-05,-0.793436953,2.082273216,1.841286051,0.036367937,0.040221106
120,260,5.96E-05,1.57E-04,-3.11E-05,-0.868880331,2.105267655,1.861728716,0.03640094,0.040919183
140,-260,4.32E-05,5.53E-05,-6.79E-06,2.059685888,-2.168365528,-2.144003197,0.00953029,-0.018310859
140,-240,4.51E-05,5.59E-05,-7.19E-06,2.058558386,-2.153677968,-2.141093094,0.00990266,-0.017583116
140,-220,4.69E-05,5.64E-05,-7.58E-06,2.058493881,-2.138194696,-2.137284916,0.010448196,-0.016788817
140,-200,4.88E-05,5.70E-05,-8.01E-06,2.055633346,-2.118171278,-2.130694889,0.010834098,-0.015957027
140,-180,5.16E-05,5.77E-05,-8.60E-06,2.054238763,-2.098333422,-2.126085393,0.011400287,-0.014827815
140,-160,5.56E-05,5.84E-05,-9.41E-06,2.051392252,-2.074331632,-2.121206994,0.011926765,-0.013838135
140,-140,5.92E-05,5.92E-05,-1.02E-05,2.048693827,-2.047599637,-2.116315882,0.012522814,-0.012774113
140,-120,6.32E-05,6.02E-05,-1.11E-05,2.046354158,-2.014826708,-2.111880047,0.013066902,-0.011042011
140,-100,6.94E-05,6.13E-05,-1.25E-05,2.041980619,-1.972822836,-2.10232702,0.013913767,-0.009334202
140,-80,7.45E-05,6.25E-05,-1.38E-05,2.036966212,-1.928850741,-2.094207781,0.014719048,-0.007097465
140,-60,8.16E-05,6.40E-05,-1.56E-05,2.031584941,-1.870745758,-2.080899174,0.015900143,-0.004615724
140,-40,9.44E-05,6.60E-05,-1.86E-05,2.025460374,-1.803582133,-2.072587664,0.016992886,-0.002125713
140,-20,1.10E-04,6.88E-05,-2.28E-05,2.014911958,-1.715959911,-2.054601989,0.018230409,0.001005403
140,0,1.28E-04,7.34E-05,-2.86E-05,2.002029504,-1.615615635,-2.031144828,0.019885212,0.005029848
140,20,1.45E-04,7.91E-05,-3.53E-05,1.989520583,-1.484139345,-1.999982633,0.021607778,0.009261262
140,40,1.58E-04,8.55E-05,-4.24E-05,1.966716845,-1.352489974,-1.955881467,0.023900079,0.014228005
140,60,1.74E-04,9.36E-05,-5.13E-05,1.944935144,-1.192853123,-1.904792927,0.0262956,0.019378599
140,80,1.82E-04,1.04E-04,-5.97E-05,1.905509356,-1.004903493,-1.833705868,0.029899733,0.024885955
140,100,1.81E-04,1.17E-04,-6.61E-05,1.855415473,-0.811558272,-1.709677235,0.032574888,0.030339045
140,120,1.72E-04,0.00013412,-7.15E-05,1.75161866,-0.519269769,-1.528755152,0.036414622,0.035675323
140,140,0.000144788,0.000144756,-0.000066364,0.70410717,0.705169679,-0.000166824,0.040974991,0.040801062
140,160,0.000115544,1.50E-04,-5.66E-05,-0.385111757,1.768452585,1.414139667,0.041206168,0.042333331
140,180,9.83E-05,1.54E-04,-5.01E-05,-0.37082033,1.850172079,1.687616299,0.041670009,0.044407341
140,200,8.76E-05,1.56E-04,-4.55E-05,-0.55291689,1.980458894,1.652851171,0.041551594,0.042708946
140,220,7.71E-05,1.56E-04,-4.05E-05,-0.571412688,1.996486356,1.783623233,0.042054198,0.045650794
140,240,7.00E-05,1.56E-04,-3.67E-05,-0.622699506,2.042626455,1.80939822,0.041987183,0.04627596
140,260,6.34E-05,1.54E-04,-3.31E-05,-0.647055882,2.078552923,1.831330686,0.042323431,0.046495558
160,-260,4.28E-05,5.17E-05,-6.27E-06,2.085571052,-2.169476288,-2.148450676,0.010736074,-0.018130796
160,-240,4.47E-05,5.22E-05,-6.64E-06,2.085086471,-2.156094038,-2.145779767,0.01111317,-0.016797641
160,-220,4.65E-05,5.28E-05,-7.01E-06,2.083881533,-2.139457175,-2.141305368,0.011613268,-0.016190669
160,-200,4.84E-05,5.34E-05,-7.41E-06,2.082196956,-2.120076574,-2.135168747,0.012125495,-0.015332069
160,-180,5.08E-05,5.41E-05,-7.91E-06,2.079651978,-2.099616185,-2.130572281,0.012614323,-0.01443324
160,-160,5.48E-05,5.48E-05,-8.67E-06,2.077506153,-2.076443931,-2.127229973,0.01313573,-0.013282401
160,-140,5.84E-05,5.56E-05,-9.41E-06,2.0754334,-2.050034113,-2.123648186,0.013581034,-0.011905063
160,-120,6.22E-05,5.65E-05,-1.02E-05,2.072217082,-2.01833767,-2.115177568,0.01434253,-0.010685795
160,-100,6.80E-05,5.75E-05,-1.14E-05,2.069118007,-1.976778733,-2.10850107,0.01506377,-0.00880471
160,-80,7.32E-05,5.85E-05,-1.26E-05,2.065791953,-1.933336587,-2.100265916,0.015900596,-0.006477908
160,-60,7.97E-05,5.98E-05,-1.41E-05,2.05974431,-1.875821624,-2.090411611,0.017072753,-0.004451916
160,-40,9.07E-05,6.13E-05,-1.66E-05,2.056740016,-1.81123745,-2.080838336,0.018080319,-0.001670205
160,-20,1.06E-04,6.34E-05,-2.00E-05,2.049553865,-1.727203414,-2.064870336,0.019446675,0.001408509
160,0,1.23E-04,6.62E-05,-2.45E-05,2.039433673,-1.619653805,-2.042041459,0.021343208,0.005349023
160,20,1.38E-04,6.99E-05,-2.97E-05,2.02871402,-1.523527973,-2.017572529,0.023318901,0.009783438
160,40,1.51E-04,7.52E-05,-3.55E-05,2.012628846,-1.37782828,-1.978392239,0.025339173,0.014631423
160,60,1.65E-04,8.27E-05,-4.33E-05,1.983508316,-1.181405267,-1.931590501,0.028331152,0.019688604
160,80,1.76E-04,9.05E-05,-5.06E-05,1.962617171,-1.033786205,-1.873687128,0.03102615,0.025037005
160,100,1.75E-04,9.78E-05,-5.50E-05,1.936098693,-0.880504923,-1.783932472,0.033711999,0.030529555
160,120,1.69E-04,1.07E-04,-5.84E-05,1.863168073,-0.655818478,-1.683012335,0.03790078,0.035879851
160,140,1.50E-04,0.000115624,-5.67E-05,1.78546742,-0.374091726,-1.399880497,0.041739163,0.041765372
160,160,0.000124152,0.000124136,-0.000051404,0.804711643,0.805111637,-0.000556848,0.046840968,0.046632414
160,180,0.000103228,1.31E-04,-4.58E-05,-0.200444189,1.780620202,1.363531753,0.04718316,0.047940967
160,200,9.14E-05,1.35E-04,-4.21E-05,-0.316033227,1.925954647,1.490604896,0.047126487,0.047590573
160,220,8.06E-05,1.38E-04,-3.84E-05,-0.370152906,1.982937695,1.620056948,0.047191524,0.048232106
160,240,7.30E-05,1.42E-04,-3.56E-05,-0.456544009,2.03506389,1.617991214,0.047614933,0.048764483
160,260,6.66E-05,1.44E-04,-3.30E-05,-0.472378334,2.076475111,1.683136987,0.047336812,0.047863084
180,-260,4.24E-05,4.86E-05,-5.83E-06,2.106895649,-2.171600315,-2.152709677,0.011969843,-0.017178177
180,-240,4.44E-05,4.89E-05,-6.16E-06,2.105396139,-2.156897289,-2.148667583,0.012321261,-0.016410653
180,-220,4.62E-05,4.93E-05,-6.48E-06,2.10545069,-2.140296682,-2.145374035,0.01264708,-0.015812668
180,-200,4.80E-05,4.98E-05,-6.82E-06,2.103898629,-2.12164078,-2.139584054,0.013097519,-0.014820874
180,-180,5.02E-05,5.03E-05,-7.25E-06,2.10234107,-2.101022513,-2.136356748,0.013832207,-0.013876558
180,-160,5.41E-05,5.09E-05,-7.91E-06,2.100836113,-2.078210393,-2.131846837,0.014294883,-0.012807501
180,-140,5.77E-05,5.16E-05,-8.60E-06,2.098909081,-2.052313878,-2.127141997,0.014857359,-0.011605258
180,-120,6.13E-05,5.25E-05,-9.34E-06,2.09618179,-2.022304728,-2.120947148,0.0154176,-0.009877094
180,-100,6.68E-05,5.35E-05,-1.04E-05,2.093704181,-1.980550419,-2.114315369,0.016200893,-0.007920335
180,-80,7.20E-05,5.46E-05,-1.15E-05,2.090517215,-1.9374462,-2.106732308,0.017132422,-0.006042628
180,-60,7.80E-05,5.58E-05,-1.28E-05,2.085950449,-1.881991599,-2.096870138,0.018148841,-0.00401151
180,-40,8.77E-05,5.72E-05,-1.49E-05,2.082687785,-1.818074861,-2.086804383,0.019175705,-0.001274064
180,-20,1.02E-04,5.90E-05,-1.80E-05,2.075716201,-1.741344596,-2.072293329,0.020621401,0.001829852
180,0,1.18E-04,6.13E-05,-2.17E-05,2.068697627,-1.634735961,-2.052699739,0.022276352,0.005661664
180,20,1.33E-04,6.42E-05,-2.60E-05,2.061590951,-1.534021753,-2.029151725,0.024056331,0.010069565
180,40,1.45E-04,6.79E-05,-3.07E-05,2.047462359,-1.400017405,-1.996233582,0.02651974,0.01490248
180,60,1.57E-04,7.25E-05,-3.63E-05,2.030922889,-1.141328114,-1.955776484,0.029591364,0.019932901
180,80,1.68E-04,7.86E-05,-4.26E-05,2.017883766,-1.078446834,-1.900235147,0.032037492,0.025062549
180,100,1.71E-04,8.64E-05,-4.79E-05,1.990889174,-0.90714785,-1.830078128,0.034536784,0.0307174
180,120,1.68E-04,9.31E-05,-5.10E-05,1.945352314,-0.708091012,-1.748101453,0.039080035,0.036336783
180,140,1.54E-04,9.83E-05,-5.02E-05,1.910137811,-0.486478971,-1.577147317,0.042267777,0.041535156
180,160,1.31E-04,0.000103256,-4.59E-05,1.801169195,-0.19699058,-1.33689727,0.047282092,0.047406448
180,180,0.000106816,0.00010682,-0.000039734,0.906661199,0.907362422,-0.001787097,0.052700474,0.052466106
180,200,0.00009354,1.11E-04,-3.66E-05,-0.018803965,1.817458842,1.203631111,0.052829514,0.053185098
180,220,8.41E-05,1.17E-04,-3.45E-05,-0.13964627,1.941984007,1.366890224,0.052815002,0.052684062
180,240,7.52E-05,1.21E-04,-3.22E-05,-0.051688455,1.978156543,1.603064197,0.053065956,0.054366531
180,260,6.89E-05,1.25E-04,-3.03E-05,-0.282814539,2.037842346,1.613405534,0.053225663,0.054094251
200,-260,4.21E-05,4.67E-05,-5.53E-06,2.126427119,-2.171936443,-2.154178939,0.013012426,-0.016962302
200,-240,4.41E-05,4.70E-05,-5.84E-06,2.125467127,-2.157778294,-2.153130362,0.013281001,-0.016103843
200,-220,4.58E-05,4.73E-05,-6.14E-06,2.123838097,-2.141008982,-2.146973924,0.01377761,-0.015272089
200,-200,4.76E-05,4.76E-05,-6.45E-06,2.123239367,-2.123154677,-2.146657323,0.014219941,-0.014403528
200,-180,4.98E-05,4.80E-05,-6.83E-06,2.122538896,-2.102930422,-2.140952094,0.014756869,-0.013420958
200,-160,5.34E-05,4.84E-05,-7.41E-06,2.120343045,-2.080390284,-2.135990593,0.015281501,-0.012394722
200,-140,5.70E-05,4.89E-05,-8.02E-06,2.119367143,-2.054229999,-2.130009081,0.015768175,-0.011116431
200,-120,6.06E-05,4.94E-05,-8.64E-06,2.11743487,-2.02535331,-2.125632544,0.016382176,-0.00941124
200,-100,6.55E-05,5.00E-05,-9.53E-06,2.115020808,-1.983988201,-2.116742066,0.017191529,-0.007515127
200,-80,7.09E-05,5.07E-05,-1.05E-05,2.112566208,-1.941118852,-2.110936755,0.018100976,-0.005867798
200,-60,7.65E-05,5.16E-05,-1.16E-05,2.11003154,-1.888452126,-2.101590505,0.019130522,-0.003687802
200,-40,8.50E-05,5.27E-05,-1.33E-05,2.104566318,-1.823641542,-2.093446603,0.020215915,-0.00082194
200,-20,9.97E-05,5.45E-05,-1.61E-05,2.100444846,-1.749162099,-2.079483656,0.021608422,0.002302378
200,0,1.14E-04,5.66E-05,-1.93E-05,2.094739652,-1.648776785,-2.061707192,0.023341128,0.006113626
200,20,1.29E-04,5.92E-05,-2.30E-05,2.086421776,-1.53728895,-2.040006943,0.025140757,0.010281225
200,40,1.40E-04,6.23E-05,-2.70E-05,2.078348135,-1.406015606,-2.009827154,0.027302607,0.014933122
200,60,1.52E-04,6.60E-05,-3.17E-05,2.065564045,-1.262479447,-1.971581706,0.03013912,0.02003042
200,80,1.63E-04,7.06E-05,-3.69E-05,2.052565562,-1.094633571,-1.923999997,0.032907123,0.025413991
200,100,1.67E-04,7.57E-05,-4.13E-05,2.037802201,-0.963382135,-1.864600386,0.03583907,0.030898348
200,120,1.65E-04,8.12E-05,-4.43E-05,1.956830563,-0.616462763,-1.849669875,0.042247241,0.036821261
200,140,1.56E-04,8.75E-05,-4.55E-05,1.957208058,-0.560949268,-1.673834832,0.043634344,0.042117489
200,160,1.35E-04,9.13E-05,-4.20E-05,1.926950067,-0.316891659,-1.483764571,0.047314374,0.047342316
200,180,1.12E-04,0.000093544,-3.67E-05,1.813410379,-0.021725907,-1.174980723,0.053013225,0.053363999
200,200,0.000095784,0.000095772,-3.27E-05,1.00654439,1.007236399,-0.002370017,0.05854335,0.058283315
200,220,0.00008648,9.89E-05,-3.07E-05,0.168767885,1.829496376,1.088015837,0.05859807,0.058518907
200,240,7.69E-05,1.02E-04,-2.82E-05,0.029171437,1.937926997,1.230458662,0.058563829,0.058387316
200,260,7.03E-05,1.04E-04,-2.65E-05,-0.00982759,1.970448696,1.537336421,0.059214837,0.059914101
220,-260,4.17E-05,4.50E-05,-5.26E-06,2.145210602,-2.172347388,-2.158249193,0.013848379,-0.016571055
220,-240,4.37E-05,4.52E-05,-5.56E-06,2.143671333,-2.158727089,-2.156977061,0.014326776,-0.015797682
220,-220,4.55E-05,4.55E-05,-5.85E-06,2.142426423,-2.142248819,-2.153364598,0.014775462,-0.014933888
220,-200,4.73E-05,4.58E-05,-6.14E-06,2.141675506,-2.12477126,-2.150327843,0.015177988,-0.013940168
220,-180,4.93E-05,4.62E-05,-6.48E-06,2.140192009,-2.104469565,-2.144074725,0.015580538,-0.012905948
220,-160,5.28E-05,4.65E-05,-7.01E-06,2.139317439,-2.081936639,-2.138605045,0.016197871,-0.011889862
220,-140,5.64E-05,4.69E-05,-7.58E-06,2.13736922,-2.056706365,-2.135103354,0.016734334,-0.010310373
220,-120,5.99E-05,4.74E-05,-8.16E-06,2.136548009,-2.027905485,-2.129979434,0.017332974,-0.009009249
220,-100,6.44E-05,4.79E-05,-8.92E-06,2.133993683,-1.987338526,-2.123881652,0.01823772,-0.007103449
220,-80,7.01E-05,4.85E-05,-9.87E-06,2.130905322,-1.944420446,-2.117017951,0.01908207,-0.005469708
220,-60,7.51E-05,4.91E-05,-1.08E-05,2.129941277,-1.891219887,-2.107055181,0.020050808,-0.003364886
220,-40,8.28E-05,5.00E-05,-1.22E-05,2.125884861,-1.828810978,-2.095923356,0.021170396,-0.000502816
220,-20,9.72E-05,5.11E-05,-1.47E-05,2.121927647,-1.754474269,-2.085784225,0.022527006,0.00267854
220,0,1.11E-04,5.24E-05,-1.73E-05,2.116631108,-1.650304888,-2.069061853,0.024169963,0.006383106
220,20,1.25E-04,5.42E-05,-2.05E-05,2.108105046,-1.549504064,-2.047664995,0.025905906,0.010557278
220,40,1.36E-04,5.68E-05,-2.38E-05,2.101743186,-1.41876122,-2.022022996,0.028187156,0.015181817
220,60,1.47E-04,6.02E-05,-2.78E-05,2.096046516,-1.264745282,-1.985483054,0.030309245,0.020194165
220,80,1.57E-04,6.42E-05,-3.24E-05,2.080131126,-1.162462136,-1.941691632,0.033764851,0.02563233
220,100,1.63E-04,6.86E-05,-3.65E-05,2.071048195,-0.971670801,-1.877351202,0.036255968,0.03103011
220,120,1.62E-04,7.28E-05,-3.93E-05,2.053266299,-0.777197427,-1.812372205,0.039431132,0.036549827
220,140,1.56E-04,7.71E-05,-4.05E-05,1.994818659,-0.574261087,-1.785377381,0.045813543,0.04212737
220,160,1.38E-04,8.06E-05,-3.83E-05,1.982407454,-0.371095367,-1.614472766,0.048231122,0.047599371
220,180,1.17E-04,8.41E-05,-3.45E-05,1.936309284,-0.142271844,-1.400552161,0.052747899,0.05303139
220,200,9.88E-05,0.000086396,-3.06E-05,1.826032975,0.163507365,-1.114942082,0.058591428,0.059177578
220,220,0.000088376,0.000088356,-2.82E-05,1.105749544,1.106410201,-0.005237435,0.064385478,0.064060045
220,240,0.000078804,8.99E-05,-2.58E-05,0.355942577,1.836447151,0.977326347,0.064385301,0.064211792
220,260,7.18E-05,9.15E-05,-2.40E-05,0.229490986,1.930162954,1.190755573,0.064496008,0.064382934
240,-260,4.14E-05,4.32E-05,-5.00E-06,2.163051501,-2.174248214,-2.165993461,0.014418414,-0.01589872
240,-240,4.35E-05,4.35E-05,-5.29E-06,2.162361181,-2.161106657,-2.16362571,0.014773771,-0.01512735
240,-220,4.52E-05,4.37E-05,-5.57E-06,2.159622347,-2.143168946,-2.156936828,0.015664011,-0.014492839
240,-200,4.70E-05,4.41E-05,-5.84E-06,2.157332781,-2.125163777,-2.150589099,0.016023703,-0.013579951
240,-180,4.90E-05,4.44E-05,-6.16E-06,2.156784551,-2.105750222,-2.146568374,0.016414814,-0.012392388
240,-160,5.22E-05,4.47E-05,-6.65E-06,2.15489266,-2.083999746,-2.143357963,0.016995396,-0.011164572
240,-140,5.59E-05,4.51E-05,-7.19E-06,2.153325593,-2.058037638,-2.138128488,0.017620676,-0.009959529
240,-120,5.92E-05,4.55E-05,-7.72E-06,2.152356585,-2.030489387,-2.133572588,0.01818353,-0.008608612
240,-100,6.34E-05,4.60E-05,-8.39E-06,2.15169267,-1.990012268,-2.126103441,0.018963007,-0.006806762
240,-80,6.92E-05,4.65E-05,-9.30E-06,2.148353515,-1.947521412,-2.121016465,0.019892706,-0.005097372
240,-60,7.39E-05,4.71E-05,-1.01E-05,2.146749603,-1.89377593,-2.112665908,0.02090778,-0.003082545
240,-40,8.10E-05,4.78E-05,-1.14E-05,2.142914313,-1.834030947,-2.10172599,0.022148749,-0.000139878
240,-20,9.47E-05,4.88E-05,-1.36E-05,2.140186589,-1.756514023,-2.091493844,0.02338311,0.002863945
240,0,1.08E-04,4.99E-05,-1.59E-05,2.135754059,-1.649694388,-2.075818906,0.024973788,0.006463615
240,20,1.22E-04,5.13E-05,-1.87E-05,2.129594261,-1.560419612,-2.054923787,0.026746444,0.01077967
240,40,1.33E-04,5.29E-05,-2.15E-05,2.120957967,-1.39882566,-2.032340357,0.029227656,0.015325878
240,60,1.42E-04,5.50E-05,-2.45E-05,2.115320683,-1.250206698,-2.000293529,0.031581772,0.020500485
240,80,1.53E-04,5.80E-05,-2.84E-05,2.101014138,-1.151946901,-1.952280334,0.034791764,0.026139044
240,100,1.59E-04,6.21E-05,-3.23E-05,2.095602752,-1.001110625,-1.905333721,0.037043049,0.030911798
240,120,1.59E-04,6.61E-05,-3.51E-05,2.082176455,-0.791183749,-1.840170608,0.040337531,0.036506521
240,140,1.56E-04,7.00E-05,-3.68E-05,2.045716655,-0.569416952,-1.809008473,0.045705268,0.042227522
240,160,1.42E-04,7.30E-05,-3.56E-05,2.027826102,-0.411909532,-1.691822511,0.049435665,0.047490665
240,180,1.21E-04,7.52E-05,-3.22E-05,1.979522817,-0.062337941,-1.597447278,0.054007971,0.053494319
240,200,1.02E-04,7.69E-05,-2.82E-05,1.946153594,0.032591254,-1.252945981,0.058110719,0.058826463
240,220,9.00E-05,0.000078848,-2.59E-05,1.834557796,0.355018294,-1.020724026,0.064014066,0.064546141
240,240,0.000081284,0.000081256,-2.42E-05,1.206451628,1.207138254,0.00243624,0.069880967,0.070308713
240,260,0.000073244,8.31E-05,-2.24E-05,0.562502329,1.820877018,0.934872277,0.070209108,0.070196818
260,-260,4.11E-05,4.11E-05,-4.72E-06,2.176165912,-2.175170357,-2.168608113,0.015074667,-0.015442787
260,-240,4.32E-05,4.14E-05,-5.00E-06,2.175354518,-2.162015607,-2.166197401,0.015490118,-0.014806024
260,-220,4.50E-05,4.18E-05,-5.27E-06,2.173708606,-2.145649154,-2.163516615,0.015826858,-0.013517848
260,-200,4.67E-05,4.21E-05,-5.53E-06,2.172167894,-2.12717516,-2.159934888,0.016548431,-0.012806307
260,-180,4.86E-05,4.24E-05,-5.82E-06,2.171973917,-2.107155978,-2.150822418,0.017183858,-0.011996242
260,-160,5.17E-05,4.28E-05,-6.27E-06,2.170609873,-2.086008689,-2.145281518,0.017579021,-0.010752221
260,-140,5.53E-05,4.32E-05,-6.80E-06,2.16804468,-2.059719501,-2.141972265,0.018473393,-0.009564632
260,-120,5.87E-05,4.36E-05,-7.30E-06,2.167373252,-2.032468738,-2.136967174,0.019137302,-0.008531605
260,-100,6.26E-05,4.41E-05,-7.91E-06,2.16674254,-1.992960582,-2.131093697,0.019861913,-0.006675434
260,-80,6.84E-05,4.46E-05,-8.77E-06,2.165536734,-1.950234088,-2.124940311,0.020681758,-0.004868936
260,-60,7.29E-05,4.52E-05,-9.54E-06,2.162842903,-1.903456563,-2.117796791,0.021511035,-0.002765766
260,-40,7.96E-05,4.58E-05,-1.07E-05,2.159214899,-1.838506617,-2.107051533,0.022923253,0.000171032
260,-20,9.19E-05,4.67E-05,-1.26E-05,2.156863162,-1.766754746,-2.096371018,0.024039542,0.002896693
260,0,1.05E-04,4.77E-05,-1.48E-05,2.151855569,-1.666562512,-2.082239788,0.02574482,0.006751047
260,20,1.19E-04,4.89E-05,-1.74E-05,2.147016623,-1.56782173,-2.060029068,0.027564344,0.011038094
260,40,1.30E-04,5.03E-05,-1.99E-05,2.14112314,-1.407839456,-2.039420146,0.029832101,0.015477338
260,60,1.39E-04,5.19E-05,-2.23E-05,2.133334735,-1.297198407,-2.008597332,0.03230889,0.020553389
260,80,1.49E-04,5.41E-05,-2.56E-05,2.12654099,-1.148828919,-1.967377929,0.034926703,0.025912323
260,100,1.56E-04,5.67E-05,-2.88E-05,2.121168025,-0.991925072,-1.916943488,0.037358601,0.030872881
260,120,1.57E-04,5.96E-05,-3.11E-05,2.107087949,-0.864201106,-1.861020624,0.040903581,0.036636704
260,140,1.54E-04,6.34E-05,-3.32E-05,2.077832626,-0.647480202,-1.830287257,0.046353976,0.041929173
260,160,1.44E-04,6.66E-05,-3.30E-05,2.066826745,-0.47296426,-1.702008995,0.049277633,0.048110307
260,180,1.25E-04,6.89E-05,-3.04E-05,2.029807876,-0.227412644,-1.653676583,0.054910495,0.053624107
260,200,1.04E-04,7.04E-05,-2.65E-05,1.97893015,-0.029713572,-1.515360684,0.059431938,0.059360198
260,220,9.16E-05,7.18E-05,-2.41E-05,1.927664658,0.201770348,-1.376305138,0.064642653,0.065282644
260,240,8.32E-05,0.000073304,-2.25E-05,1.819937654,0.562769393,-0.943011639,0.070003728,0.070275768
260,260,0.000074568,0.000074548,-2.07E-05,1.306488858,1.306398958,-0.003553345,0.075649796,0.076228199
